Sequence,Label
FHFHFRFR,1
MKKRASVRKICDKCRLIRRGGRILVICSNPRHKQGQG,0
MIIYRAEISH,1
MSPQTETKASVGFKAGVKDYKLNYYTPDYVTKDTDILAAFRVSPQPGVPPEEAG,0
AAVALLPAVLLALLAPRRRRRR,1
MVSKEKINRINELARIAKERVLTKLEEEEQQILRKEYIEAFRKSFRKQLDNIELVD,0
VPPVYADLGKGARDLFSKGYNYGFSKL,0
GRCTKSIPPICFPD,1
MRIGIIFPVVIFITAVVFLAWFFIGGYAAPGA,0
ISFDELLDYYGESGS,1
KLAAALLKKWKKLAAALL,1
MKRQKRDRLARALSKGYQAGMQGRSKEQCPYFAIDARSHWLGGWRQAMEDRPGLAK,0
VRDAYIAEDYDCVYHCARDA,0
MSDTTGRIPLCLIGTVAGIAVIGLVGVFFYGSYSGLGSSL,0
KGRTPIKFGKADCDRPPKHSQNGMGK,1
EEEEEEEEPLGLAGRRRRRRRRN,1
LLLLR,1
SITKIKAREIL,0
YGRKKRRQRRRDPYHATSGALSPAKDCGSQKYAYFNGCSSPTLSPMSP,1
SAETVESCLAKSH,1
MFTLKKSLLLLFFLGTINLSLCEEERDADEERRDDLEERDVEVEKRFFPVIGRILNGILGK,0
GGVCPKILKKCRRDSDCPGACICRGNGWCGSGSD,1
MDIRLIIVLMPILMAASWAIYNIGKALVGQFGKMLNE,0
LALALALALALALAKLAKLAKLAKLAKIKKIKKKIK,1
MVEERKLYICMRCGRTFSRSEMEILPGIRCPYCNFKIIMKVRSPTVKRIPAV,0
MADTTGRIPLWVIGTVAGILVIGLIGIFFYGSYSGLGSSL,0
MAKPTTVKIRLVSSADTGFFYVTRKNPRNQTEKMSLRKYDPVVRKHVEFKEAKIK,0
MSADVKVTLVRSHIGKASSVKAVLVGMGLTKRQKSVTLKDTPEVRGMINKVRHLLKVEE,0
PNPLERRIQSDLIRAALEDADMKTDERSVEGVISTIKDFAVKVCCSVSLKFCCPTA,0
YAREARRAARR,1
RKKAAA,1
MSDINAIRAPILMLAILPCVGDDIEVLR,0
AEAEAEAEAKAKAKAKAGGGHRRRRRRR,1
KLIKGRTPIKFGKADCDRPPKHSGK,1
LGISYGRKKRRQRRRPPQ,1
VTPHHVLVDEYTGEWVDSQFK,1
VFINVKCRGSKECLPACKAAVGKAAGKCMNGKCKCYP,0
ALIILRRRIRKQAHAHSK,1
GFDVIDTIK,0
MSHALPALIKMHITKDIGYGLLLGIIPGVWFKYQIGQSIQKREDFYAAYDKRN,0
CGRKKRAARQRAARAARPPQ,1
KLIKGRTPIKFGKADCDRPPKHSQNGMGK,1
GLFKTLIKGAGKMLGHVAKEFLGSEGEPES,0
LKLKSILGKLGVILSHLNK,0
VPALR,1
LCLN,1
MESMYLILAKLPEAYAPFDPIVDVLPIIPIFFLLLAFVWQASVSFR,0
GSAFCGETCVLGTCYTPDCSCTALVCLKN,0
KKKKKKKKKKKKKKKKKKK,1
MEEPTPEPVYVDVDKGLTLACFVFLCLFLVVMIIRCAKVIMDPYSAIPTSTWEEQHLDD,0
FKKFRKF,1
KLAKLAKKLAKLAK,1
CRNGRGPDC,1
MAVQQNKKSRSKRGMRRSHDALSTAQLSVDATSGEIHMRHNVTADGFYRGKKVINK,0
MSHNMKGQKIRLAKAHKQNTRVPVWVIVKTNRKVVSHPRRRHWRRRSLDVK,0
MCSYYHMKKRSVSGCNITIFAVMFSHLSAGKSPCGNQANVLCISRLEFVQYQS,0
MDPNCSCATDGSCSCAGSCKCKECKCTTCKKSCCSCCPVGCAKCSQGCVCKEASDKCSCCA,0
MARLKITQTKSYIGSKQNHRDTLRSLGLKRLNDSVVKEDRPEFRGMVHTVRHLVTVEEVD,0
GKKKKRKREKL,1
MIEALPSGIVLGLIPITLAGLFVTAYSQYRRGDQLDI,0
ACLDIGNSCRED,0
MIIYRDLISKK,1
MAKSSLKAKQKKHAKFSTRAYTRCELCGRVHAVLRKYKICRICFRELAHQGKIPGMKKASW,0
MYRNIVGTIPDDVDNALKSGNFFPNTKNGYPVKSTEPIAEMKKLNNN,0
RDCTSQSHKFVGLCLSDRNCASVCLTEYFTGGKCDHRRCVCTKGC,0
MKMFFTVLVTLFVCSMIIGICEGREIPVKCKGSKQCLQSCKEAGMTYGKCMNGKCNCTPKG,0
GALFLAFLAAALSLMGLWSQPKKKRRV,1
MAVQQNKKSPSKRGMHRSHDFLTSAPIAVEATTGEVHLRHHVSPNGYYRGRKVVKTKND,0
MQYFKTYLSTAPVIATIWFGFLAGLLIEINRFFPDALVLPYL,0
MAERKGSISGLTDDEAQEFHKFWVQGFVGFTAVAVVAHFLVWVWRPWL,0
IRQRRRR,1
TPKTMTQTYDFS,1
LIIFRILISHRR,1
CGRKKRWWRQRWWRWWRPPQ,1
ARRRRCSGSGSGCGSGSGSCGRRRR,1
MNFWVTFIRLIVVLSIVFAFQIAVAKAACVTHEDCTLLCYDTIGTCVDGKCKCM,0
MFTMKKSLLLLFFLGTISMSLCEEKRDADEEETEGEAKMEDIKRAEAVPPGFTPFRKP,0
MAQPKKKTSNAKRDQRRATWKRKARVQAEKALALGKSILSGNNTGFYYPQLEAEEEEQAEE,0
MNSLQVLTKKVLIENKAFSEYHEDDIFILQQLGLWWTQSPGILIKLQGRSGKRINIPERS,0
VKRFKKFFRKLKKLV,1
RKLTTIFPLNWKYRKALSLG,1
RVIRVWFQNKRCKDKK,1
MADTTGRIPLWVIGTVAGILVIGIIGIFFYGSYSGLGSSL,0
FDVMGIIKKIAGAL,0
AKKRRQRRR,1
KLPCRSNTFLNIFRRKKPG,1
HLFQFREMIKEMTGKEPVVSYAFYGCYCGKGGRGKPDAT,0
KLSYDDKVFENVEFTPRL,0
MRARLCQESALDSFLSMRLDGGGHWGRCRRAPDPLWEEQDIA,0
VDKGSYLPRPTPPRPIYNRN,0
MKVTCVLVLTLMALTVCQVATAYCINVGMCIYDGYCCSNRCWGGMCSPWR,0
WRFKWRFK,1
RIFIHFRIGC,1
GRRRRRRRRR,1
VKRKKKPALWKTLLKKVLKA,1
LAQLLAQLLAQLGGGGRRRRRRRRR,1
PGLSCRFYQHKFPEVEDVVMVNVRSIAEMGAYVSLLEYNNIEGRILLSELSR,0
AGYLLGKINLKALAALAKKILGGC,1
MKVKPSVKQICEKCKVIRRNGRVMVICENPRHKQRQG,0
LLGDFFRKSKEKIGKEFKRIVQRIKDFLRNLVPRTESC,1
MGLGLHLLVLAAALQGAWSQPKKKRKV,1
NYQRRCKNQN,1
SRRARRSPRESGKKRKRKR,1
RQIRIWFQNRRMRWRR,1
MATKTLKVTQTKSSIGRLPKHRATLTGLGLRRINHTVEVEDTPSVRGMINKVYYMVSVEEV,0
MPRRRRSSSRPVRRRRRPRVSRRRRRRGRRRRR,0
MKVRASVRKMCQHCFIIKRRNVIRVVCRVTPKHKQRQG,0
MASEIFGTAAVFWVLIPVGLLGGAILLKLQGD,0
GRKKRRQRRRPPQ,1
NVDFNSESTRRKKKQNEIVDLHNSLRRTVN,0
RTRRNRRRVR,1
RLWMAWYSPTTRRYG,1
LLIILRARIRKQAHAHSK,1
ACRGRRRGCGRRRGRCG,1
FLPGLLAGLL,0
MAFEEAIKRVFMKKICMKCNSRNSWKATKCRKCGYTNLRPKAKEARA,0
GVIPKKIWETVCPTVEPWAKKCSGDIATYIKRECGKL,0
DGSGGASDAQKQHDVNYLLFKVYEDVNDENSP,0
MAKKESFFKGVKSEMEKTSWPTKEELFKYTVIVVSTVIFFLVFFYALDLGITALKNLLFR,0
CYINNCPLG,0
GKRKKKGKLGKKRDP,1
NYTTYKSHFQDR,1
NGLCCSQYGFCGTTSAYCSRANGCQSNC,0
VRLPPP,1
KMDSRWRWKCCKK,1
NGRRYTTYGCSPPVT,0
NHQQQNPHQPPM,1
GRKKRRQRARPPQC,1
ACSSSPSKHCG,1
MAAKGPREKIKLVSTAETGHFYTTTKNKRNMPEKMEIKKYDPVVRKHVVYKEAKIK,0
MPMATTIDGTDYTNIMPSTVSTTVYLGGSIGIDTSTTGFTCFSWY,0
NYRRRCKNQN,1
PARAARRAARR,1
DTHKSEIAHRQPDLG,0
MADTTGRIPLWLIGTVAGILIIGLLGVFFYGSYSGLGSSL,0
MIIFRDLISH,1
ARRRAARAARRRAARAARRRAARAARRRAARA,1
ALWKTLLKKVLKA,1
GLKKLAELFHKLLKLG,1
QKKDKKD,0
YGRKKRRQRRRPPQG,1
GVSKILHSAGKFGKAFLGEIMKS,0
LKKLLKLLKKLLKLAG,1
GLMSTLKGAATNAAVTLLNKLQCKLTGTC,0
GALFLGWLGAAGSTMGAPKSKRKVGGC,1
YSFGL,0
AAAISCVGSKECLPKCKAQGCKSGKCMNKKCKCYC,0
DDAVANGVHAISGVVDS,0
GRKKRRQRRRPPQRKC,1
YPPKPENPGEDAPPEELAKYYTALRHYINLITRQRY,0
KFHTFPQTAIGVGAP,1
RKARRQRRR,1
MKRTYQPSRVKRNRKFGFRARMKTKGGRLILSRRRAKGRIKLTVSDEKKKY,0
GFGSLFKFLAKKVAKTVAKQAAKQGAKYIANKQTE,0
MRSLVFVQLSLLSWEIFCGERSFVSMKAIFSCMYV,0
LLR,1
AAGMGFFGAR,0
SDTVDIYDAGKILERVII,0
KNAWKHSSCHHRHQI,1
KKAAQIRSQVMTHLRVI,1
MRVSASVKKICRNCKIIRRKGVVRVICTDMRHKQRQG,0
FITKALGISYGRKKRRQRRRPPQ,1
MQDVKTYLSTAPVLATLWFGFLAGLLIEINRFFPDALVLPFF,0
MSTITSYFGFLLAASTITPALLIGLSKIRLI,0
KMIFVGIKKK,1
DPLGSTEEFSR,0
RLWMRWYSPWTRRYG,1
NNNAAGRKRKKRT,1
GLFEALLELLESLWELLLEA,1
LAIILRRRIRKQAHAHSK,1
CGYGRKKRRQRRRGC,1
GRRERNKMAAAKCRNRRR,1
RLIPNRTRHCQPEKAKKETVEKAVATAPGLGR,0
MKRTFQPSRIVRKRRHGFRARMSTRWGRKILNRRRAKGRCLLCA,0
LRHLLRHLLRHLRHLLRHLRHLLRHLLRH,1
RMKWKK,1
RRRRRRRGGIYLATALAKWALKQGF,1
MKWKIKKCPKDCTYTLKDICPICGTPTIIPHPARFSPVDKYVKYRIEIKKGIKLNC,0
MAQENPKMHNSEISKRLGAEWKLLSEAEKRPFIDEAKRLRAMHMKEYPNYKYRP,0
TRQARRNRRRRWRERQR,1
HFAAWGGWSLVH,1
ACSDRFRNCPADEALCGRRRRRRRR,1
LCLH,1
CRQIKIWFPNRRMKWKKC,1
MANTTGRVPLWLIGTVAGILVIGLVGIFFYGSYSGLGSSL,0
RQPKIWFPNRRKPWKK,1
RDPTGCEVDQVIMVKRHGERYPSPSAGK,0
ACRDRFRNCPADERLCG,1
MIIYRDKKSH,1
LKCFQHGKVVTCHRDMKFCYHNTGMPFRNLKLILQGCSSSCSETENNKCCSTDRCNK,0
WWWRRRRRRRR,1
MGGRFSGRVGIEKGGHPPSAADHSAGHLGPVCRFFRHPVITTRFNIKVMKG,0
HSDAVFTDNYTALRKQMAVKKYLNSILNYGRKKRRQRRR,1
MDAQTRRRERRAEKQAQWKAANGC,1
MKHIPFFFAFFFTFP,0
YKQSHKKGGKKGSG,1
RRRRRRRRRGPGVTWTPQAWFQWV,1
SRWRWKSSKK,1
RLWMRWYSPWTRRWG,1
RILQQLLFIHFRIGCRHSRI,1
MGMGPSLSIVNPMDVLRQRLLLEIARRRLRDAEEQIKANKDFLQQI,0
MEVNILAFIATALFILVPTAFLLIIYVKTVSKSD,0
ITINVKCTSPQQCLRPCKDRFGQHAGGKCINGKCKCYP,0
MAKKNRNKQQQEMQQQQQQHQAEFANEFAEGSSAEQARQQQQKAAGKRQKKNQQ,0
GRCTKSIPPICFPA,1
RQIKIWFQNRRMK,1
KGRKKRRQRRRPPQ,1
MEAVLLLAKLPEAFSVFSPIVDVMPVIPLFFLALAFVWQAAVGFK,0
RKKRRRESRRARRSPRHL,1
GRKKRRQRRPPQC,1
GIGKFLHSAKKWGKAFVGQIMNC,1
MFTVFLLVVLATTVVSFTSDRAFRGRNAAAKASGLVGLTDKRQECCSYPACNLDHPELCG,0
ARRCSGSGSGCGSGSGSCGRR,1
MARTALKVKAKRKPKFKVREYNRCPICGRPRAFLRKYGICRICFREKALAGELPGVRKASW,0
FRPALIVRTKGTRL,0
MAVPKRRMSRSNTRSRRAQWKAKPTELVGVTVAGQQHKVPRRLLKAARLGLIDLDRR,0
MKWKMKKCPKDNTYTFKDICPVCGSKTMIPHPSRFSPEDKYVKYRIELKKGVKLNC,0
KRVSRNKSEKKRR,1
ALWMTLLKKVLKAAAKAALNAVLVGANA,1
GPPLLPPLP,0
MVILISYFCFLLVFFLFTLILFIGFNRIRLI,0
QDKIDPKMVQYQDSPKDGNKCSTCVNFEAPSSCKIVAGKISPNGWCIAYAPMEDKKG,0
YTFGLKTSFNVQ,1
YGRAARRAARR,1
PAGHGARARTRDLFAR,0
MDSRLLVVLIPVLAAASWAVYNIGRVALQQFRKMTS,0
MKGLPKFLSLGPVLLVLWLSVQATLLIVINIIYPDLLFYPLS,0
DRDSCVDKSRCQKYGPYGQCTDCCKKAGHTGGTCIYFKCKCGAESGR,0
GRKKRRQARAPPQC,1
WKQSHKKGGKKGSG,1
MDCRWRWKCCKK,1
SRRHHCRSAAKRSRHH,1
MEAITYTFILFLTLGLLFFAVAFRETPRITKK,0
MAGPEADAQFHFTGIKKYFNSYTLTGRMNCVLATYGSIALIVLYFKLRSKKTPAVKAT,0
KCGCRWRWKCGCKK,1
KCRWRWKCCKK,1
TGTSCISPKQCTEPCRAKGCKHGKCMNRKCHCMLCL,0
GGVCPRILRRCRRDSDCPGACICRGNGYCGSGSK,1
HSQGMFTNDYSKYLEEKSAKEFVEWLKNGKS,0
AGYLLGHINLHHLAHLHHIL,1
YDDGSYKPHIYGF,0
LLRILRRSIRRARRAIRR,1
EKGYNPYVR,0
FIRIGC,1
VFEIAPSAK,0
LCLK,1
PAAVSVDCSEYPKPACTMEYRPVCGSDNITYGNKCNFCNAVVKSNGTLTLSHFGKC,0
MIIYRDAIS,1
ASFSVVGDIMGTSMQNLHQLLQMPFGCGEQNM,0
CWKKKKKKKKKKKKKKKKKK,1
LIIFRILISHK,1
AAVALLPAVLLALLAKKNNLKECGLY,1
RKKRRQRRRRKKRRQRRR,1
KLALKLALKALKAALKLAGC,1
PKKKRKV,1
RRR,1
TPWWRLWTKWHHKRRDLPRKPEGC,1
ERERERERERERER,1
HHHHHHRRRRRRRRR,1
RRRRRRRRRHHH,1
ADQLARLRAEFQANRYLTEERRQNLARELSLNEAQIKIWFQNKRAKIKKASGVKNTLALY,0
GDPTFCGETCRVIPVCTYSAALGCTCDDRSDGLCKRN,0
QKKCPGRCTLKCGKHERPTLPYNCGKYICCVPVKVK,0
FVHWYVGEGMEEGEFSEAREDLAALEKDYEEVGIETAEAEGEEEGYGEEL,0
MSKRTFQPNNRRRARTHGFRLRMRTRAGRSILSARRSKGRSQLSA,0
GRKRKKRT,1
RHVYHVLLSQ,1
YIVLRRRRKRVNTKRS,1
KWFRVYRGIYRRRGK,1
RILQQLLFIHFRIGCRH,1
KLWMRWWSPTTRRYG,1
KALAALLKKLAKLLAALK,1
MPQLNPSPWFFIMLTTWLTFSLIIQPKLLSFTPTNPPSNKISTTTKTTPWTWPWT,0
RAGLQFPVGRVHRLLRK,1
MAVPDRRVSKTRAAKRRTHYSVKLAKPIKAKDGTWKLPHHINKFTKEY,0
MELSFIHGKNCLPLYCILLELLKNYFKLGPVDFSLSLRKILATLNPQEIPKLFI,0
METATLVTIFLSGLLVSFTGYALYTAFGQPSQQLRDPFEEHGD,0
ALSILKGLEKLAKMGIALTNCKATKKC,0
MSKTVVKKNESLEDALRRFKRTVSKSGTIQEVRKREFYEKPSVKRKKKSEAARKRKFK,0
MNIELIVQLTSLILISIAGPIIIALLFVKQGNL,0
GRPRESGKKRKRKRLKP,1
MPRRRRASRRIRRRRRPRVSRRRRRGGRRRR,0
YRRRRRRRRRR,1
FLAKKVAKKLVSHVAQKQLE,0
CGRKKRLLRQRRRPPQ,1
AKKKAAKAAKKKAAKAAKKKAAKAAKKKAAKA,1
QLALQLALQALQAALQLA,1
TALPQLRLPATSRILCAGVLEGGIDTCNR,0
AKVKDEPQRRSARLSAKPAPPKPEPKPKKAPAKK,1
MAQDIISTISDLVKWIIDTVNKFTKK,0
ADVPGNYPLDSYGNCYPCTILGDNQYCI,0
GSGKKGGKKICQKY,1
MRPMSRRSLDWTYSLLLLAIVLLSWGFVIYASTVAARRQLQKEFPDKFF,0
MAKGKRTFQPNNRRRARVHGFRTRMRTRAGRAIVAARRRKGREKLTA,0
GKINLKALAALAKKIL,1
KRGFLDVIKHVGKAVGKAALNAVNDMVNKPEQQS,0
TIKVPEGFDYELYNRNDINRYVDAVLTIPKVICDHLGLGVKTGLPYIWHSKASNPFVNLK,0
KMDCRWRWKKK,1
CGAYDLRRRERQSRLRRRERQSR,1
FITKALGISYGRKKRR,1
DRDSCVDKSRCSKYGYYQECQDCCKKAGHNGGTCMFFKCKCA,0
RLWMRWASPTTRRYG,1
RWRWRWRW,1
SHNWLPLWPLRP,1
RRRRRRRRC,1
GSSGGMIPFPRV,0
MMSTLISIVCIAVFFCLNILGMMHMLPLYITSPLLFLSILFTLYRLNHRKTFKGF,0
RRRQRRKKRGYCKCKYGRKKRRQRRR,1
DVCDSLVGGRCIHNGCYCERSAPNGNCCDTAGCTVLWWCPGTKFD,0
ELISNSSDALDKTNNSLTIIDSGIGMTK,0
MIIYARRAEE,1
MLSFNQNRNHSLEQSLKEGYAQMADLNLSLATEAFPIECEACDCNESHLISNSKNE,0
MKVLSSLKSAKARHRDCKVVRRRGKIFVICKSNPRFKARQR,0
MAVPKKRTSKAKKNARKSVWKKKADKAAKKSLSLAKSVLQGKTTSFVYSLYIDELFSI,0
MLEKMGIVVAFLISLTVLTINSLTIVEKVRNLKNGTSKKKKRIRKRLRPKRQRQRIRR,0
MNKGELVDAVMAKATVTKKQADAFILALDIVA,0
RGVCSTPEGSCVHNGCICQNAPCCHPSGCNWANVCPGYLWDKN,0
VQLRRRWC,1
GLWWKAWWKAWWKSLWWRKRKRKA,1
GSLCGDTCFVLGCNDSSCSCNYPICVKD,0
SPATMGFAGVR,0
MAETTGRIPLWLIGTVTGIPVIGLVGIFFYGSYSGLGSSL,0
MAVQKNKPTRSKRGMRRSHDKINIHKFSVDKVSGEIHIRHCLTKSGFYCGKKVLNKKNK,0
DVCDSLVGGRCIHNGCWCERSAPHGNCCNTSGCTATFWCPGTLFD,0
QIISRDLISH,1
LCLRPVG,1
MYNPPSAQEMTYKDHVQRRHEEKGCLYACLFTLCCCFCCYETCECCLETLCCCC,0
RSCIDTIPKSRCTAFQCKHSMKYRLSFCRKTCGTC,0
TDPLWQLPGAHLEQYLS,0
MAGKSAREKIKLVSSAGTGHFYTTDKNKRNTPHKLEMKKYDPVVRKHVTYRETKLK,0
AEVPMPLRQLTMTLPDGREESVMERTTLVA,0
RLWMRWYSPATRRYG,1
MVTVLFKRLRIRRACGPPRVKV,1
MKAFYGILIIFILISMLDLSQQVFINAKCRGSPECLPKCKEAIGKAAGKCMNGKCKCYP,0
WFQNRRMKWKK,1
MREKIRLVSSAKTGHFYTTTKNKRLHPEKIEIKKFDPVVRKHVVYKEAKIK,0
GGGRRRRRRYGRKKRRQRR,1
ALIFATLSAAYIGEALE,0
FQFNFQFNGGGHRRRRRRR,1
QPIIITSPYLPS,1
WWWWRRRRRRRR,1
AEAAGLLPFPRV,0
TKRRITPKDVIDVESVTTEINT,1
FTFHFTFHF,1
GHGGASNYVRL,0
YGRKKRRQRRRYGRKKRRQRRR,1
CGGKDCERRFSRSDQLKRHQRRHTGVKPFQ,1
GIPCGESCVFIPCTVTALLGCSCKDKVCYKN,0
GLASLLGKALKAGLKIGTHFLGGAPQQ,0
RRRRR,1
GGGARKKAAKAARKKAAKAARKKAAKAARKKAAKA,1
TITPSLKGFFIGLLSGAVVLGLTFAVLIAISQIDKVQRSL,0
RGERGERRELRLERGELRC,1
RHHRRHHRRHRRHHRRHHRHHR,1
SLVELGKMILQETGKNPVTSYGAYGCNCGVLGRGKPKDAT,0
GSPWGLQHHPPRT,1
LLAILRRRIRKQAHAHSK,1
MVSTLMIASVKLRLYCTALIILCNQKNPSEFNVLIHKLIIKWGFMNKNFHFVSVFFIKF,0
CGRKKRRQRRWWRPPQ,1
MRETIKLVSSAKTGHFYTATKNKRLHPEKVEVKKFDPVVRKHVMYKEVKIK,0
RRRRRHHH,1
GLIQTIKEKLKELAGGLVTGIQS,0
RRQRRTSKLMKR,1
KLGLKLGLKGLKGGLKLG,1
MIKAVIEEGLQSCTEPRSYEEGYVDADGNLVRYYEVQAPNYDDIRPPISQQEF,0
SGRGKQGGKARAKAKTRSSRAGLQFPVGRVHRLLRKG,1
METATLVVIFISCLLVSFTGYALYTAFGQPSKELRDPFEEHED,0
CFVRNCPTG,0
MTDAQVFTILAIALVPAVMALLLGSALARS,0
FFFFGRRRRRRRRGC,1
CGRKKRWWRQRRRPPQ,1
RLWRALPRVLRRLLRP,1
RRVTSWLGRQLRIAGKRLEGRSK,1
ASGADTCCSNPACQVQHSDLC,0
RQIKIWFQARRMKWKK,1
SCLSSGALCGIDSNCCNGCNVPRNQCY,0
QLNFSPNW,0
MRWLCRLIGYRYGYAVCGGYRRQGGRCSAQLHAQYTRVSHCVLRIAWEVNGADYELFRLWI,0
GRKKRRQRRRG,1
LALALALALALALALAKIKKIKKIKKIKKLAKLAKKIK,1
KVPVDDQFRRVNNGGATDTR,0
VLGQSGYLMPMR,1
GLWRALWRLLRSLWRLLWRA,1
FQFVNPSDIVFGS,0
KTVLLRKLLKLLVRKI,1
TPSQCTAAQANKCCTGLTNGILNLNVLPALNP,0
AGYLLGKINLKKLAKLLLIL,1
AISGLTPCKESKQFAKREKQ,0
FLPAVLRVAAKVVPTVFCLISKKC,0
MKMKKCPKCGRYTLKDFCSECNEKSVTVKPPRFSPVDKYGKYRRALKKAKM,0
MAVPKRRTSKKVKNQRRTHKKLHVPGMVECSNCGELTKPHRVCKSCGHYDGKEVVNG,0
RQRSRRRPLNIR,1
CGGGYGRKKRRQRRR,1
DQNCDIGNITSQCEMQHQNCDDANGCNTIIEECKTSMVERCQNQEFESASGSTTLGPQ,0
STHTSDFLKL,0
CRRRRRRRR,1
CRWRWKCG,1
GALFLGWLGAAGSTMGAPKKKRKV,1
MRNFEKMTKRSNRNARDFEATKGRKLNKTKRDRSHKRSWEGQ,0
MTYCHTDVSYFEIQHSCIFSLLSLVVERCTCNAKVASSILAGGIIPVLFFFPLFLFLYHL,0
RGGRLAYLRRRWAVLGR,1
MLGEGASKVELQQLRTEHDSLKVQIRKDQKSI,0
KKLALHALHLLALLWLHLAHLALKK,1
MSHDSVWNSRPRTYGKGARSCRVCTHRAGLIRKYGLDICRQCFREKAADIGFVKHR,0
AIGPVADLH,0
GSLGEKYAQKAAEVLTSIIP,0
IYLATALAKWALKQGFGGRRRRRRR,1
RGDfK,1
YPPKPENPGEDASPEEMTKYLTALRHYINLVTRQRY,0
MKHVNTLLMQELRLLICELKRLKLSAVSDPDFSQEKIHAELDSLLCKLSRHFD,0
MDLIRILIAILLPPLGVFLQVGFGGAFWLNILLTLLGYIPGIVHAVYIIAKR,0
NGRCCHPACARKYNC,0
CRFRWKCCKK,1
AQIKIWFQNRRMKWKK,1
RKKRRQARR,1
MPSTKPPKERPYGKSKIRCLRCGTREAVIRKYGLYLCRRCFREVAPQLGFKKYY,0
GTQTNAPWGLARLIS,0
CRKARYRGRKRQR,1
MAKVKITLVKSLIGRKKDQIATVNALGLKKIGNIVQHEETPQISGMIKKVSYLLKVEEA,0
RLWMRWYSPRTRAYG,1
MIEKQLIGRKGDGGFYRLSVSNGKKIKEVININDLSYSPVQKVDILILMRFL,0
RRRRRR,1
MRQLKGKPKKETSKDKKERKQAMQEARQQITTVVLPTLAVVVALIVVFVYVATRPNTIE,0
RLWMRWYSPTTARYG,1
MAKPTTVKIKLVSTADTGFFYVTKKNPRTQTEKLSFRKYDPVVRKHVDFKEAKIK,0
SDYLQLARG,0
GRKKRRQRRRC,1
VKRGLKLRHVRPRVTRMDV,1
PMLKE,1
GRKKRRQRRRP,1
RVRVFVVHIPRLT,1
MNHPGLFLFLGLTFAVQLLLLVFLLFFFLVWWDQFGCRCDGFIL,0
MAKKALVNKANRKPKFAVRAYTRCQRCGRPHAVYRKFGLCRVCLRDMAHKGELPGVHKSSW,0
KPTADFDYIVVGAGNAGNVVAYRTVQAL,0
RQIKIFFQNRRMKFKK,1
KPWERL,0
MLFEIFEELEINREIRNLAYEFVKKMVYCQMTL,0
ACRDRFRRCPADRRLCG,1
MLPQHSDIEIAWYASIQQEPNGWKTVTTQFYIQEFSEYIAPLQDAVDLEIATEEERSLLEA,0
LILILILILILILILIKRKKRKKRKKRKKRAKRAKHSK,1
TNVKESEFIAEGAAGR,0
MRNIKTYLSVAPVLATLWFGSLAGLLIEINRLFPDALAFPFFSF,0
LLHILRRSIRKQAHAIRK,1
FLGKKFKKYFLQLLK,1
SKRTRQTYTRYQTLELEKEFHFNRYITRRRRIDIANALSLSERQIKIWFQNRRMKSKKDR,1
RRIRPRPPRLPRPRP,1
VPTLE,1
RLHLRLHLRHLRHHLRLH,1
IWRYSLASQQ,1
KRIPNKKPGKKTTTKPTKKPTIKTTKKDLKPQTTKPK,1
MKRTYQPSRIKRKRTHGFLARKKTTGGRRVLKNRRRKGRWRLTV,0
MSTQYTYEQIAEDFRLWGEYMDPNAEMTEEEFQALSTEEKVAMQVEAFGAEA,0
ADDKNPLEEAFREADYEVFLEIAKNGL,0
RGGRLSYSRRRFSTSTGRA,1
GRKKRRQRRRPPQK,1
KALKLKLALALLAKLKLA,1
AEAEAEAEAKAKAKAK,1
AEFGPSQPFKGAK,0
AFVKGSAQRVAHGY,0
SVTSYGLSAVVPLKDVVPEWVRIGFSATTGAEYAAHEVLSWSFHSELGGTSS,0
GGETGNDAKAMWFGPRL,0
RQIAIWFQNRRMKWKK,1
NAEEERRDEPDETDVEVEKRFFPNVASVPGQVLKKIFCAISKKC,0
LTTTVVSFPSDSASDGRDNEAKDERSDMYELKRNGRCCHPACGKYFKCGR,0
MSDKTIRIIQVRSVIGCTKKQKATIKALGLGRPNYQVEKQDNPCLRGQIRVVQHLVKVEEL,0
MSDINATRLPLFFPPDFRPPCVGDADNFTLTRGENLC,0
AGYLLGKINLKALAALAKKILTYADFIASGRTGRRNAI,1
LIIFAIAASHKK,1
GALFLAFLAAALSLMGLWSQPKKKRKV,1
MFTLKILVYTVVIFFVSLFTFGFLSNDPSRNPNRKDLE,0
GSTCLEPKVVGPCKA,0
SIYVGNLSYD,0
MKKANPFTHAGLPFLLFPSIMFLSNKSMEYVVFHLDLVYYVTHTPRIFSGR,0
FGNQQQLKSVADIVINHR,0
WIIFRAAASHKK,1
RQIKIWFQNRRAKWKK,1
RRVWRRYRRQRWCRR,1
SRRHHCRSKAKRSAHH,1
VKRFKKFFRKLKKKV,1
KKRRQRRR,1
GKPNKPRPAPIKPRPPHPRL,0
RNRSRHRR,1
LECHNQQSSQAPTTKTCSGETNCYKKWWSDHRGTIIERGCGCPKVKPGVNLNCCRTDRCNN,0
GACTKSIPPICFPD,1
ILLLLIASAPSVDAQLKTKDDVPLASFHANVKRTLQKLLNKRCCQIVPQCCEWN,0
YRDRFAFQPH,1
MLKYAIIFAVISLIAGALGFGGVAAGAAGIAKILFGLFLILAVIFVVLAALGVGAVRKGMK,0
GKRVAKRKLIEQNRERRR,1
ACSGRGSGCGSGRGSCG,1
GGVCPKILRRCRRDSDCPGACICRGNGWCGSGSD,1
AAVALLPAVLLALLAKKNNLKDCGLF,1
KMDCRWRWKSSKK,1
MKASSHSTPVTVLTGFLGSGKTTLVNRLLKERPGTRFGLVVNEFGEAALESQLVESRRAP,0
KLLKLLLKLWKKLLKLLK,1
KRWRWKCCKK,1
QLPVM,1
KLALKLALKALQAALQLA,1
KRIPNKKPGKKTTTKPTKKPTIK,1
MKKSIRRSGGKSKGARLWYVGGTQY,0
MTDVQLQNIVTTFGISMMLLIILYHYLSRPQA,0
ARCSGSGSGCGSGSGSCGR,1
ARRARAARRARAARRARAARRARAARRARA,1
LLIILARRIRKQAHAHSK,1
AAVALLPAVLLALLAP,1
HHHHHHHHRRRRRRRR,1
RGSRRAVTRAQRRDGRRRRRSRRESYSVYVYRVLRQ,1
MSHDLDPTGTY,0
MIIYRDLAS,1
MKVRNSLKSLRGRHRDNQLVRRKGRVYIINKTQKRYKARQG,0
RQAKIWFQNRRMKWKK,1
MTILKWALLFFVISVVAGILGFTGISAASADIARILFYIFLVIFLVLLILGLTIFRV,0
KRIPNKKPGKKTTTKPTKKPTIKTTKK,1
MLFTFAWASLAAIFTFSIAMVVWGRNGDGTIDL,0
YARKARRAARR,1
KRKRWHW,1
YKQCHKKGGHCFPKEKICLPPSSDFGKMDCRWRWKCCKKGSG,1
AVKCIGWQETCNGNLPCCNECVMCECNIMGQNCRCNHPKATNECE,0
PNTRVRPDVSF,1
HALAHKLKHLLHRLRHLLHRHLRHALAH,1
MPVPKKKTSKARSRRRYAVWLGKAKLQAQRAMTIGRAILSGRNTGFYYPKAKSEEEEGEE,0
CSKSSDYQC,1
MASKKGNRIIIKMRSTESAHTYTTTKNRKNDPNRLELRRYDPTLRRHVLYRETK,0
KSTSCMEAGSYCGSTTRICCGYCAYSASKNVCDYPSN,0
GIFSLVKGVAKLAGKTLAKEGGKFGLELAMCKIAKQC,0
MKKKISLSCSLCKNRNYKTNKSVQSRLQINKFCKICRKSTLHQEEK,0
IWFQNRRMKWKK,1
GIPVCGETCTLGTCYTAGCSCSWPVCTRN,0
RLALRLALRALRAALRLA,1
IPMIK,1
YRRAARRAARA,1
MALLDLQAMDTPAEDSFGELRTGSQVSLLVCEYSSLSVVLCTP,0
KEGYLLGSRG,0
MLILTRRVGETLIIGDEITVTVLGVKGNQVRIGVNAPKEVSVHREEIYQRIQAEKKQKKS,0
GCWICWGPNACCRGSVCHDYCPS,0
DSLKSYWYLQKFSWR,1
KSCCPNTTGRNIYNTCRFGGGSREVCASLSGCKIISASTCPSYPDK,0
VAGRSVVKIAEGYL,0
HYRIKPTFRRLKWKYKGKFA,1
MKKKVTLACKNCGSRNYTTMKSSAALAERLEVKKYCNNCNSHTVHLETK,0
CGRKKRRQRLLRRPPQ,1
GLWRALWRALWRSLWKLKRKV,1
LDTYSPELFCTIRNFYDADRPDRGAAA,1
HMRNHSGTKPFQCTQCSYSCVNKSMLNSHLKSHSNIYSTLCQDCSYATKY,0
PPRLPRPRPRPLPFPRPG,1
MIIFRAAASHKK,1
MSQTPVATTPRNYPIFTVRWLALHTLGVPTVFFLGALAAMQFIRR,0
MFGWAITFLVIAIAAGIFGFAGLAGTAAWIAKVLFVVGLAAVLIMLVMGRRPPTV,0
SRWRWKCCKK,1
MRVKITLACTECKQRNYNTTKEKKNHPDRMETKKFCKFCKSHTLHKETK,0
ALALALALALALALALKIKKIKKIKKIKKLAKLAKKIK,1
GLWWRLWWRLRSWFRLWFRA,1
MIFFFNQIRSIFTALHTPTQQIQLSRRAFFQFLGYLGSCVVISLAAQSKYVQ,0
MPFVKIDLFEGRSEEQKIELAREVTEVVSRVAKAPKEAIHVFINDMPEGTYYPHGEMKKKN,0
MEVNILAFIATALFILVPTAFLLIIYVKTETQNKNKKD,0
TAMRAVDKLLLHLKKLFREGQFNRNFESIIICRDRT,1
ELEPQGPPHLGTDLSKKQGPWAEEEAAYGWMDF,0
MIIFRALISHKK,1
RGDRGDRRDLRLDRGDLRC,1
MICHNQQSSQPPTIKTCSEGQCYKKTWRDHRGTISERGCGCPTVKPGIHISCCASDKCNA,0
CGRKKRRQRRAARPPQ,1
GLKKLAELAHKLLKLG,1
DPVDTPNPTRRKPGK,1
NSGTMQSASRAT,1
SFSESLAAAR,0
MVEPLLSGVVLGLILVTLSGLFFAAYQQYKRGNQLNG,0
MKIFFFAFIMALMVAMIKADSSEEEHRLRFNPRFYYPNQQGGYIPSYPAYPYPYPYPVQ,0
AHSDAVTPLPARSKV,0
KGKKIFIMK,1
RHHLRHLRRHLRHLLRHLRHHL,1
ADVFDRGGPYLQRGVADLVPTATLLDTYSP,1
MLNILSFIGICLNSFLYSSSFFVAKLPEAYAFLNPIVDVMPVIPLFFFLLAFVWQAAVSFR,0
RKKWFW,1
KPRSKNPPKKPK,1
LIKKALAALAKLNI,1
WRFKWRFKWRFK,1
MAVPKRRTSKTRKNKRRTHIKLAVPGMTECPNCGEYKLSHRVCKNCGLYNGEEVVSK,0
QAIGLPHTACIQCNRKTSSKCLSGQICLPYHMTCYTLYKPDENGELK,0
GDGTGPGPGP,0
LLIILRRAIRKQAHAHSK,1
RAKRRQRRR,1
NLINFMEMIRYTIP,0
LLRHLRRHIRRARRHIRR,1
MAKGIREKIKLESTAGTGHFYTTSKNKRTTPEKLEFNKYDPVARKHVPYKEVKLK,0
MDVKRVKQILSSSSRIDVTYEGVPVWIESCDEQSGVAQVYDVSNPGESVHVHVNALEEK,0
GSVSRRRRRRGGRRRR,1
AHALCPPERQIKIWFQNRRMKWKKEN,1
CAYGGQQGGQGGG,1
MFSHFEVSENRPRKQPRRKRISLGMINTVVSLDR,0
GPFHFYQFLFPPV,1
ARRRCSGSGSGCGSGSGSCGRRR,1
GTFPCGESCVFIPCLTSAIGCSCKSKVCYKN,0
MAKTTDVRPKITMACTECKERNYITKKNRRNDPDRLDLAKFCPRCGKKTTHRETR,0
MKTPTDLTSYIRVLKLASTPTWDEFSKVATIAGLGILLVGFIGFVIFSIMTFVPGGP,0
MTKRTLEGTNRKRKRTSGFRARMRSATGRRVIKARRSKGRARLAV,0
VHLPPPVHLPPP,1
GYGRKKRRQRRRG,1
MIKLISITQIKSSIGRLPKHKATLSGLGLRYIGHTVLRKNTPSVRGMIKLLSFMLRIN,0
GGVCPAILKKCRRDSDCPGACICRGNGYCGSGSD,1
KMIFVGIKKKEERA,1
KLALKALKAALKLA,1
MVNLNKINSNSISNSIGNISSGNINNSIGNSSSSGCDDVFNNSTNNNNNNNNNNNK,0
PPRLRKRRQLNM,1
MMRTLLVFLLLAILAAVLIGNIQVEACKVLTDCNHSNAHSRCIKGRCVLMPG,0
MAISYLPAILVPVIGLVMPIFCIVFLFLYIEKESLN,0
GWTLNSAGYLLGKFLPLILRKIVTAL,1
RQIKIWFQNRR,1
MAKTSMKVKQQRAPKFSTRAYTRCTICGRPHSVLRKYGICRICFRELAYKGQIPGVKKASW,0
LIIFRILISHKK,1
ELNPSLVISLSTGLSLFLGRFVFFNFQRENVAKQGLPEQ,0
VKRFKKFFRKLKKSV,1
GDDVKSACCDTCLCTKSNPPTCRCVDVGET,0
VVIVDCSDYPTHGCTLELKPICGSDNQTYSNKCGFCNAVAQSNGTLTLSHFGKC,0
MFTVFLLVVLATTVVSFTSDRASDSRKDAASGLIALTIKGCCSDPRCNMNNPDYCG,0
MLKWALIFFVISLIAGFLGFSGVSAATAGIAKILFYIAVIIFLVFLVLALAVGGAVT,0
FKGGGPYGQGVTRG,0
MAARLCCQ,1
MARYRCCRSQSRSRCCRPRRRCRRRRRRSCRARRRATRCCRRRYRLRSRRY,0
GDVYADAAPDLFDFLDSSVTTARTINA,1
VELPPPVELPPPVELPPP,1
MAKTSLKVKAARPQKFKVRAYNRCKLCGRPRAYMRKFGLCRHCFRKLAHEGQIPGIRKASW,0
KCFQWQRNMRKVRGPPVSSIKR,1
MGMRMMFTVFLLVVLATTVVSFMSGRASHGRNAAASDLIALTIKGCCSVPPCIANHPELCV,0
CRWRWKCGCKK,1
VSGKK,1
RLVMRVYSPTTRRYG,1
PRPPRLPRPRPRPLPFPRPG,1
GRDSCVNKSRCAKYGYYSQCEVCCKKAGHKGGTCDFFKCKCKV,0
FLIFIRVICIVIAKLKANLMCKT,1
IATHTLPCRCKLCGKAFSRPWLLNGHIRTHTGEKPFSCQHCSRAFA,0
MTTSMLNAKLLPTAPSAAVVVVRVVVVVGNAP,0
SLSINTNTSEMIALQTLDA,0
VQAILRRNWNQYKIQ,1
GRQLRIAGKRLEGRSK,1
MSEIKVGENETLESALRRFKKKCARAGVLSEVRKREHYEKPSVKKKKKSEAARKRKFK,0
LWIYPVKSCKTEAYRCILTTVDPDTGVIDRKVGDPVYRMV,0
MPTPKKKTSRSKRDMRRSHDGLTAPAIAVEKKTGELVRPHRAHKGADGALYYKGKQISAAK,0
AEKVDPVKLNLTLSAAAEALTGLGDK,1
MIIYRALISHKK,1
MIEPLLCGIVLGLVPITLLGLFVAAWNQYRRGSAIPDWE,0
SNPWDSLLSVST,1
MPRDGFTLFCTDCKMENYISKKNKKNTPEKVELKKFCAKCNASTLHKEKK,0
GGVCPKILAKCRRDSDCPGACICRGNGYCGSGSD,1
KRIPNKKPGKKTTTKPTKKPTIKTTKKDLK,1
GLKDIFKAGLGSLVKGIAAHVAN,0
RRHHCRSKAKRSR,1
LLETLLKPFQCRICMRNFSTRQARRNHRRRHRR,1
MENSSSSSKALLPASGSPSPWFICRMLSKVTL,0
AYLLGKINLKALAALAKKIL,1
IIIR,1
MLGWTLMFLVVAIIAGLFGFTGIAGAAAGIAKIIFFLFIVLLVISLLVNALKGKAPRA,0
MAHENVWFSHPRNFGKGSRQCRHCSSHSGLIRKYGLDLCRQCFREKAADIGFNKYR,0
GLPVCGETCFGGTCNTPGCSCSYPICTRN,0
MTEQEEKVSFGITIPKSLKTRLKIYCAQNDKKIQDVIREALEEYLQRREK,0
AQRSPSLRLRF,0
DFPIANGERQSPVDIDTKAVVQDPA,0
NFDEIDRSGFGFN,0
YGRRARRRARR,1
LCLR,1
CGDINAPCQSDCDCCGYSVTCDCYWSKDCKCRESNFVIGMALRKAFCKNK,0
DAATATRGRSAASRPTQRPRAPARSASRPRRPVE,1
EEQEQEQEQDTKMA,0
VFCRSNGQQCTSDGQCCYGKCMTAFMGKICMR,0
PRPLPFPRPG,1
KLLAKAAKKWLLLALKAA,1
MAKKSGSGLQSSAGLMRYYEADKNAVQVQPKVVLIVGAIVGIAVLFLSAVNGFWP,0
GIGKFLHSAKKFGKAFVGEIMNSGGKKWKMRRNQFWVKVQRG,1
RRRQRRKRGGDIMGEWGNEIFGAIAGFLG,1
GYEDEDEDRPFYALGLGKRPRTYSFGL,0
TKTEEGEFISEGGGVR,0
MEALVYTFLLVSTLGIIFFAIFFREPPTIRTKKN,0
MKRTYQPSVVRRKRTHGFLVRMKTRGGRAVIRARRAKGRHRLAV,0
TRRSKRRSHRKF,1
MKLLNFILIIFNALKSRHLIRCLDSKCHKLFPLLEVNKSTTSL,0
NTGTWLKYHS,1
MTILNIVSNLTLNKKSYNATIGKPISSGLTNYGAINISGYQVITKFFQSDNSLRNP,0
KKKKKKGGFLGFWRGENGRKTRSAYERMCILKGK,1
MAVPKRKTSPSKRGMRRSADGLKSATYVEDKNSGELRRPHHIDLKTGMYRGRQVLTPKESA,0
ERHVGRKSTNNLNLTCQWGTCNTTTVKRDHITSHIRVHVPLKPHKCD,0
MLRYAVIFFIIALIAALFGFGGIAAGAAGIAKILFMIFVVLFVVSLFWGLVAGRG,0
GLFKALLKLLKSLWKLLLKA,1
FFFAAGRKRKKRT,1
MQNATLISVFVASLVIGITAYAIFVSFGPSARNLRDPFEEHED,0
RQLRIAGRRLRGRSR,1
GLPVCGETCVGGTCNTPGCKCSWPVCTRN,1
DGYIKRHDGCKVTCLINDNYCDTECKREGGSYGYCYSVGFACWCEGLPDDKAWKSETNTCD,0
WPPPKVSP,0
ACSHSGHGCGHGSHSCGRRRRRRRR,1
GLWRALWRLLRSLWRLLWKA,1
CRFRFKCCKK,1
SRAHHCRSKAKRSRHH,1
MVRRFLVTLRIRRACGPPRVRV,1
GLLNGLALRLGKRALKKIIKRLCR,0
MSNAKTVKVTLVKSLIGRLESHKACARGLGLKKIRQTVEVLDTPENRGMINKISYLLKFEG,0
KWCFRVCYRGICYRRCRGK,1
MAKVKITQVVSAIKKTDNQKRVLASLGLGKINSSVEQELTPSIKGMLNKVNHLVVVSE,0
RKKARQRRR,1
MVPVPVHHMADELLRNGPDTVI,0
KGAAKGLLEVASCKLSKSC,0
HEHEHEHEHEHEHEHEEFGGGGGYGRGRGRGRGRGRG,1
MIIYRDLI,1
DRRRRGSRPSGAERRRRRAAAA,1
VISIIPV,0
LLIILRRRIRKQAAAHSK,1
SADQPNSIPPRERKAGCKNFYWKGLTSC,0
YSHIATLPFTPT,1
MFNVRVNVTLACTECGDRNYITTKNKRNNPERIEMKKYCPRLNKYTLHRETK,0
GKKALKLAAKLLKKC,1
RKKRRQRRRHRRKKR,1
FDVNSHTTPCGPVTCSGAQMCEVDKCVCSDLHCKVKCEHGFKKDDNGCEYACICADAPQ,0
MWYFSWLLGLPLAAAFAVLNAMWYELMDDRARKRLAADPTAELALEGNKHH,0
FGVLAVTSR,0
VPTLQ,1
ACATKNQRCASWAGPYCCDGFYCSCRSYPGCMCRPNS,0
FANTIRLLINKVREWKNKQSS,0
KALAALLKKWAKLLAALK,1
GHAKKDKKIQKK,0
MTQSNPNEQSVELNRTSLYWGLLLIFVLAVLFSSYFFN,0
SRRRRRRRRR,1
LIIFRIAASHKK,1
KALAKALAKLWKALAKAA,1
MARYRCCRSKSRSRCRRRRRRCRRRRRRCCRRRRRRCCRRRRSYTFRCKRY,0
MAVPRRKTSPSRRGMRRSADAIKKPTYVEDKDSGELRRPHHLDLKTGMYKGRQVLKKKES,0
ALWKTLLKKVLKAPKKKRKV,1
MNAPLTDNIPWTREEFEQKLRDKGRGYHIYHPFHVMMYEGKLTREQLQCWVA,0
NAKTRRHERRRKLAIERGC,1
MIIYADLIS,1
LRHHLRHLLRHLRHLLRHLRHHLRHLLRH,1
GWTLNSAGYLLGKLKALAALAKKIL,1
LLIILRRRIRRRARARSR,1
YTQDFNKFHTFPQTAIGVGAP,1
MSPQTETKASVGFKAGVKDYKLTYYTPDYVTKDTDILAAFRVSPQPGVPPEEAG,0
MSTATFVDIIIAILLPPLGVFLRFGCGVEFWICLVLTLLGYIPGIIYAIYVLTK,0
EGCCSNPPCRHTHPEVC,0
GLWRALWRLLRSLWRLLWSQPKKKRKV,1
KKPGKKTTTKPTKKPTIKTTKK,1
RRRRRRRW,1
GRRRRRRRRRPPQ,1
FLPAVLRVAAKIVPTVFCAISKKC,0
SRWRWKSCKK,1
WIIFRALISHKK,1
GCCSHPPCNVNNPHICG,0
MDLSFTLSVVTA,0
KKKKKKNKKLQQRGD,1
MLKMSGWQRQSQNNSRNLRRECSRRKCIFIHHHT,0
FYSAPTRDNVFEL,0
KLALKLALKALKAALKLA,1
MDHRLLEIIACPVCNGKLYFNQEKQELICKADRLAFPLRDGIPVLLENEARALTAEETNP,0
LKTLATALTKLAKTLTTL,1
KLAKLAKKLAKLAKGRKKRRQRRRP,1
RQIKIWFQNRRMKWKKK,1
MKFEVRGAFKTLEGWQKFTKVVEANNERYALEKVYSLIGSNHKVKRNLIKIEEVKQA,0
RLAMRWYSPTTRRYG,1
EGGSSGEASGMWFGPRL,0
WIIFKIAASHKK,1
MIKHFHFNKLSSGKKNNVPSPAKGVIQIKKSASQLTKGGAGHVPEYFVGIGTPISFYG,0
YGRKKRRQRRRC,1
GYGNCRHFKQKPRRD,1
YYYAAGRKRKKRT,1
LAYVALDYEQELETAKSYELPDGQVITIGAER,0
HHHHHHTKRRITPKDVIDVRSVTTEINT,1
APVPGLSPFRVV,0
LCLRP,1
WIIFRIAATHKK,1
GRCTKSIPPICWPD,1
ALWMRWYSPTTRRYG,1
GRKKRRQRRRCG,1
LKCNKLIPLAYKTCPAGKNLCYKMFMVSNKTVPVKRGCIDACPKNSLLVKYVCCNTDRCN,0
KRRIRRERNKMAAAKSRNRRRELTDTGC,1
GRGDGPRRKKKKGPRRKKKKGPRR,1
MAVQQNKKSRSARDMRRSHDALESNALSVEKSTGEVHLRHHVSPDGFYRGRKVVDKGSDE,0
GFEVIDNIKDSVVILGGPNWNVKMGDIRPLTGSNGEIRFDNNYFK,0
MLYYALVFLIVAIIAGVLGFGGIAGASAGIAQVLFFLFLIFLVISLVAGLIRRT,0
VPALK,1
MDSPAFFFTFFLWFLLLSATGYSIYVSFGPPSKKLRDPFEEHED,0
MIIYRALIS,1
LIIFRILISHHH,1
MKRTYQPSNVKRARKHGFRARMATKQGRSILKRRRAKGRKRLTV,0
KRPTMRFRYTWNPMK,1
MKRTFQPSKLVRARRHGYRARMATKNGQKVVARRRAKGRKRLTA,0
GNYYGYCRVHLNTAY,0
MKVRSSVKKMCDKCRVIRRHGKVMVICANPKHKQRQG,0
LENRVAEKQKLFQEDNGLPVHLKGGATDN,0
KPNYKRQFEPFSDELIHYINLEDLPESFDARQ,0
GFGSFLGKALKAGLKLGANLLGGAPQQ,0
MLTLKIAVYIVVAFFVSLFIFGFLSSDPTRNPGRKDFE,0
MSDINATRLPIWGIGCNPCVGDEVTALITRGEA,0
MRKRFFVGIFAINLLVGCQANYIRDVQGGTIAPSSSSKLTGIAVQ,0
MPGEELVRRFLERRVLTEKNIERFVKYYWLVSTARMVLGVTILILILIGGLKFSQLIPWR,0
YGRRARRAARR,1
YGDCLPHLKLCKENKDCCSKKCKRRGTNIEKRCR,1
KETWFETWFTEWSQPKKKRKV,1
GGCRYFLGGCSEHSDCCEHLRCKMGLNYCAWDGTF,0
MIIARDLIS,1
CSIPPEVKFNPFVYLI,1
NRPYSFGL,0
SLGGFLKGVGKALAGVGKVVADQFGNLLQAGQ,0
FKKLALHALHLLALLWLHLAHLALKK,1
LKKLAELAHKLLKLG,1
IPSRWKDQFWKRWHY,1
KMDCRWRWKSCKK,1
NTCTWLKYH,1
NIENSTLATPLS,1
NFSCPPDWYAYD,0
MATKTLKVTQTKSSIGRLPKHRATLTGLGLRRINHTVELEDTPSVRGMINKVYYMVSVEEV,0
MNFNKLFLIVILAALLLLGQTEAGRLKKLGKKIEKAGKRVFNAVQKGLPVAAGVQALGR,0
GVEINVKCTGSHQCIKPCKDAGMRFGKCINRKCHCTPK,0
MALTGSDIFKVIFAIILPPLGVFLERGCGADVIINILLCCLGYVPGIIHALYIILKY,0
RRRRRRRRRRR,1
KLIKGRTPIKFGKARCRRPPKHSGK,1
DCLGWFKSCDPKNDKCCKNYSCSRRDRWCKYDL,0
LNLGVGAYREYLPIEGLAAFNKVATVQGLSGTGSLRQALYDSISSK,0
VTCDLLSFEAKGFAANHSICAAHCLVIGRKGGACQNGVCVCRN,0
SLGWMLPFSPPF,1
GWKDWLNKGKEWLKKKGPGIMKAALKAATQ,0
MTAESMLANGAFIMIGLTLLGLAWGFVIIKLQGSEE,0
RRHLRRHLRHLRRHLRRHLRHL,1
ARCSDRFRNCPADEALCGR,1
PKKKRKVWKLLQQFFGLM,1
YRFK,1
GTKMIFVGIKKKEERADLIAYLKKA,1
RILQQLLFIHFRIGC,1
AKKAKAAKKAKAAKKAKAAKKAKAAKKAKA,1
AAVALLPAVLLALLAPSGASGLDKRDYV,1
GSICLEPKVVGPCTAYFPRFYFDSETGKCTPFIYGGCEGNSYVDEKLHACRAICRA,0
ARRRRCSDRFRNCPADEALCGRRRR,1
MSFENFAIITLKENVFALLPEAYAPFDPIVDDLPIIPVLFLLLAFVWQSAVKFR,0
GRKKRRQRRRPPQTYADFIASGRTGRRNAI,1
MFTLTSYFGFLLAALTITFVLFIGLNKIRLI,0
MVGFSSCRVGFSPPTNNREIFWWAKAHPTLSTHHSMRTSFYFRSNHYDDFMQKDSRTYT,0
AGYLLGHINLHHLAHLHHILC,1
MLTLTSYFGFLLAALTITPALFIGLNKIRLI,0
RRMKWKK,1
GLKKLAELFHKLLKLGC,1
LLIILRRRIRKAAHAHSK,1
WKCRRQAFRVLHHWN,1
MTQSCTLTLVLVVAVLAALATAQLNFSAGWGRRYADPNADPMAFLYRLIQIEARKLAGCSD,0
LNVPPSWFLSQR,1
FLPIIAKLLGGLL,0
NYQWRCKNQN,1
FVNQHLCGPHLVEALYLVCGERGFFYAPKTGVVDQCCTSICSLYQLQNYCN,0
MEALVYTFLLVSTLGIIFFAIFFREPPRISTKKMK,0
IAWVKAFIRKLRKGPLG,1
GGGGGSGETSGMWFGPRL,0
RLHHRLHRRLHRLHR,1
KMDSRWRWKSSKK,1
AGYLLGKTNLKALAALAKKIL,1
SYGISSGCFGLKLDRIGTMSGLGCWRLLQDSP,0
GKKKKKKKKK,1
PSKRLLHNNLRR,1
CTPSGTICSPEAPEQCCSNSCVPHQWLRIFVCA,0
YGRRRRRRRRR,1
QSTNDLIKACGRELVRLWVEICGSVRWGQSALRMTLSEKCCQVGCIRKDIARLC,0
FSPNSPSDVARCLNGALDVGCGTFACLENSTCDTDGMHDI,0
MDKLAAGGLYLLFLLLAGIIVTH,0
IKIKIKIKIKIKIKIKKLAKLAKLAKLAKLAKLAKKIK,1
KIWFQNRRMKWKK,1
LIIFRILISH,1
WRFKKSKRKV,1
RRWRRWNRFNRRRCR,1
MKVRASVKKLCRNCKIVKRNGVVRVICSAEPKHKQRQG,0
MIIFKIAASHKK,1
TPLQPKYPGDGAPVEDLIQFYDDLQQYLNVVTRPRF,0
KAFAKLAARLYRKALARQLGVAA,1
ACRGSGRGCGRGSGRCG,1
MDPNCSCPTGGSCSCAGSCTCKACRCPSCKKSCCSCCPVGCAKCAQGCVCKGASDKCSCCA,0
MSDINATRLPVWIGYSPCVGDDCIALLTRGEGLC,0
MKRTYQPSQRKRSNKHGFRKRMATADGRAVLARRRAKGRKRLTVSDEPRHKR,0
MTDLNLPSIFVPLVGLVFPAIAMTSLFLYVQKKKIV,0
MRVNITLECTSCHERTYLTSKNRRNNPDRLELNKYCPREHKVVLHRETK,0
KRIPNKKPGKKTTTKPTKK,1
MEALVYTFLLVSTLGIIFFAIFFREPPKIQTKKMK,0
MTNLNLPSLFVPLVGLVFPAIAMASLFLHVQKNKIV,0
IALQSPAGAARIRDYLYNELSK,0
MAARLCCQLDPARDV,1
RLRLRLRLRLRLRLRLKRLKRLKRLKRLKKKKKKKGYK,1
SLANFLSMTLTAAKRKPKEYDGYGNYCG,0
EGSGSGETSGMWFGPRL,0
CHHHHHRRRRRRRRRHHHHHC,1
QQDYGTGWMDF,0
ACRGRGRRCGSGSRSCG,1
RVIRWFQNKRSKDKK,1
MDKYECSICGYIYDEAEGDDGNVAAGTKFADLPADWVCPTCGADKDAFVKMD,0
GSICLEPKVVGPCKAGIRRFYFDSETGKCTLFLYGGCKGNGNNFETLHACRAICRA,0
MCMPCFTTRPDMAQQCRACCKGRGKCFGPQCLCGYD,0
MIIYRDLISH,1
CGRKKRRQRRRPPQ,1
MRRQRRSITDIICENCKYLPTKRSRNKRKPIPKESDVKTFNYTAHLWDIRWLRHRARNTR,0
MDKALLSLTHEQQQAAVEQIQQLMKQGISSGEAIQIVANRLRESHQRTNEQK,0
MQVNENPNKVPVELNRTSLYLGLLSVLVLGILFSSYFFN,0
GTPCKCHGYIGVYWFMLAGCPNGYGYNLSCPYFLGICCVKK,0
APMEPVYPGDNATPEQMAQYAAELRRYINMLTRPRY,0
LKRWGTIKKSKAINVLRGFRKEIGRMLNILNRRRR,1
CGNKRTR,1
TVIDVKCTSPKQCLPPCAKQ,0
TVDNPASTTNKDKLFAVRK,1
CVKRGLKLRHVRPRVTRDV,1
MHFPLPWQLILILLVILVIFGASKLPEVGKGLGEGIRNFKKALSGEEEEKGKEVKKEGE,0
MKARFIWADNYFENTTSSSTPKVGYNVGASLLTAHKRILSYLQRITVIYAANILATKGS,0
AYALCLTERQIKIWFANRRMKWKKEN,1
TNDSAGDGTTTASVLAR,0
WIIFRIAASHKK,1
MLNIFNLICICFNSALFSSTFLVAKLPEAYAFLNPIVDVMPVIPLFFLLLAFVWQAAVSFR,0
MDIDFRVAIVLAPIAVAAGWAAFNIGAAAIRQVQNFLNREA,0
KLPVM,1
FFGRRRRRRRGC,1
AKKTILDLKD,0
RQIKIWFQNRRMKWKKGC,1
CGRKKRRQRAARRPPQ,1
MIIYRIAASHKK,1
NYRWRCKN,1
MKRNYQPSRVKRARTHGFRARMATAGGRKVLSRRRKKGRYKLTVSNEKLGKKY,0
KLALKLALKALKAALK,1
MAREGLTLRCTDCKMENYITKKNKKTKPEKIEVKKHCHKCNKHTLHREKK,0
HHHHHHESGGGGSPGRRRRRRRRRRR,1
RQIKIWFQNRRMKWKKRQIKIWFQNRRMKWK,1
KLAKLAKKLAKLAKNYRWRCKNQN,1
GVFCGEPCIKASCSIPGCECIAGLCYKN,0
MDSAKIINIILSLFLPPVAVFLARGWGTDCIVDIILTILAWFPGMLYALYIVLQD,0
GVVDILKGAAKDIAGHLASKVM,0
MIPAQFTYRRVSSVDEALAAVAEHGD,0
CVQWSLLRGYQPC,1
KWCFAVCYAGICYAACAGK,1
YGRKKRRQRRRGLFGAIAGFIENGWEGMIDGWYG,1
TESYFVFSVGM,0
CTWLKYH,1
RQIKIWFQNRRMKWKKGG,1
YGRKKRRQRRRGCYGRKKRRQRRRG,1
RQGAARVTSWLGRQLRIAGKRLEGRSK,1
MESVAYILVLTMALAVLFFAIAFREPPRIEK,0
SKCFSPGTFCGIKPGLCCSVRCFSLFCISFE,0
MAKLHDYYKDEVVKQLMSQFDYNSVMQVPRVEKITLNMGVGEA,0
MAVQQNRKTRSKRGMRRSHDALTTAALSVDATSGETHLRHNVTAEGYYRGKKVINK,0
MRKKIIFVCQDCLSRNYVMSWSKQVLNRLIINKYCKHCNQKTKHLDSF,0
MGNNKKNGQPQYAPSHLGTKPVKYKANKGEKMHDTSGQRPIIMQTKGE,0
KGSKKAVTKAQKKDGKKRKRSRKESYSVYVYKVLKQ,1
GKRRRRATAKYRSAH,1
LCLQ,1
CWKKKKKKKK,1
MKRTYQPNRRKRSKVHGFRARMSTRNGRKVLARRRRKGRKVLSA,0
RIFIGC,1
HEEQITQPSATNDEA,0
LRHLLRHLLRHLRHL,1
GRGDSPRR,1
IPLVVPLRRRRRRRRC,1
LCLE,1
KPRPGQFFGLM,0
RRRRRRRRGC,1
RLWMRWYSPTARRYG,1
RRWWRRWRR,1
MTTNTQYIYPIFTVRWLAVHALAVPTVFFLGSISAMQFIQR,0
MADTTGRIPLWIIGTVTGILVIGLVGIFFYGSYSGLGSSL,0
MGIDLHLIANFAALALITLAGPAVIFILFYRRGAL,0
MIEPLLFGIVLGLIPVTLTGLFVAAYLQYRRGNQFGL,0
LNSAGYLLGKLKALAALAKIL,1
GKCGEINGSCDECYGGSVTCDCY,0
MKRNQKEWESVSKKGLMKPGGTSIVKAAGCMGCWASKSIAMTRVCALPHPAMRAI,0
TWLKYH,1
MNCCRRTSVMLEICILLTLLETIWPWIAKRAVTNRSSCSRR,0
TKRRITPKDVIDVRSVTTEINT,1
IIYRDLISH,1
MDFLKKSLFLVLFLGLVSISLCDEEKRQDDDEASEREEKKEIHEEGNQEERRDRPPSWIPK,0
FLSLIPAAISAVSALADHF,0
MVEALLSGIVPGLIPITLAGSFVIAYLQYRRGDQLDL,0
MMIKRHLPQPRHRERPGALCGSGVPAPAARHPTAVPGGQDQFGSATHHGSDGQTHTGPQIR,0
RHHLRHLRRHLRHLLRHLRHHLRHLRRHLRHLL,1
MGNPARKTFRAKRDSRRAQTFKASLPGIVECPQCHEMKMAHRVCKNCGHYKGKEVVSVEE,0
MNNAKIWTVVKPSTGIPLILGAVAVAALIVHAGLLTNTTWFANYWNGNPMATVVAVAPAQ,0
GLGSLLKKAGKKLKQPKSKRKV,1
RQIRIWFQNRRMRWRRC,1
MLILTRKIGESLLIGDDVEITVLSIRGSQVKLGVKAPKEISVHREEIYQRIKVLADENPSE,0
FQNRRMKWKK,1
MSQKLSFFQQNTRNGSGASRTLVIKPPTIQPKPENSISKTFSK,0
MAKKSLKVKQAKHQKFNVRNYTRCNHCGRPHAVLKKFGICRLCFRKFAYEGQIPGIKKASW,0
CRWRWKCCKK,1
VHLPPP,1
VAGKSFVPIALGRQSKQTPF,0
MKIFSILLVALIICSISICTEAFGLIDVKCFASSECWIACKKVTGSVQGKCQNNQCRCY,0
MDYKCTRCKRPVEIDYGYTGIRCPYCGHRILVKERPQSSIKKVKVE,0
MKVRPSVKPICEKCKVIKRKGKVMIICENPKHKQRQG,0
MIEPLLCGIVLGLVPITIVGLFVSAWNQYRRESAMPDWE,0
SRRHHARSKAKRSRHH,1
MKVRSSVKKRCAKCKIIRRKGRVMVICEIPSHKQRQG,0
AAVALLPAVLLALLAPRKKRRQRRRPPQC,1
SSTCIPSGQPCPYNENCCSQSCTFKENENGNTVKRCD,0
SRRKRQRSNMRI,1
MNQKHLLRFIKKSYQVDADRVVYSTK,0
MPRLKVKLVKSPIGYPKDQKAALKALGLRRLQQERVLEDTPAIRGNVEKVAHLVRVEVVE,0
MSETEVVFDRRMLEALICPRSHETLKYDQERQELISETANLAYPIRNGIPVMLIDEARVLD,0
GRKKRRQRRRMVSAL,1
GKKKRKLSNRESAKRSR,1
SYIQRTPSTTLP,1
MTIERTYPIFTFRWLAIHGLAVPTVFFLGSISAMQFIQR,0
FDAFTTGF,0
GFRDVLKGAAKAFVKTVAGHIANI,0
MLGRTKLGNRNAQANNNAKKKNGFQTHFDSYAGREAEKLIASNKRHND,0
MNVQRAKEISESAEQANVSFQGMPVMIQHVDENSETARIYDAANPERELTVPVKSLEER,0
NYRWRCK,1
MIISRDLISH,1
WEARLARALARALARHLARALARALRACEA,1
DVCDSLVDGRCIHNGCFCERDAPNGNCCDTDGCTARWWCPGTKWD,0
HEHEHEHEHEHEHEHEHEHEHEHEEFGGGGGYGRGRGRGRGRGRG,1
RQIKIAFQNRRMKWKK,1
KWSFRVSYRGISYRRSRGK,1
MKIKVKLIKGLAGKDQKQKQALRSLGLKKIYEERILEKNPAVLGNLDKVRHLVKVEEVE,0
LIRLWSHLIHIWFQNRRLKWKKK,1
YPYDANHTRSPT,1
MSEQKKIKVTLVKSLIGTKAPHRACVRGLGLRRMHHTVEVLDTPENRGMITKVAYLVKCEA,0
METGILIVIFISCLLVSFTGYAVYTAFGQPSKKLRDPFEEHED,0
RQIKIWFQNRRMKWKKTYADFIASGRTGRRNAI,1
SARHHCRSKAKRSRHH,1
MQTLSSAPDPAASIAVTILAILLALTGFGLWSAFGPKAKKLTDPWDDHDD,0
NHQQQNPHQPPMLLIILRRRIRKQAHAHSK,1
YGRKKRRQRRRYGRKKRRQRRRYGRKKRRQRRR,1
CVSRRRRRRGGRRRR,1
TAGFGVFTNIINGGLECGK,0
MTPSLSNFLWSLAWGTLIVVIPATVGLIFISQKDKIQRS,0
VRLPPPVRLPPPVRLPPP,1
ACRDRFRRCPADERLCG,1
MTRTAVLLLTLLFLVAMAASDKIKTRELCWSERECENGK,0
MSYKCSRCKRDVELDEYGGVRCPYCGHRVLLKERSRDVKEVSVQ,0
RWRCKNQN,1
KKKKKKKKK,1
NPIPILTPC,0
AYPAAHQGYPAHVGYARVGYGGYPSYGYPA,0
LLHILRRSIRRQAHAIRR,1
RPARPAR,1
MSLRFPERAGYEKLGYRPHAKRVWVHDPLGLTRFIMRQLMMYPLVLPFTFPFYVPRS,0
RRIPNRRPRR,1
MKVRNSLKSLRTRHRDNRLVRRKGRVYIINKTQKRYKARQG,0
SGRGKQGGKARAKAKTRSSRAGLQFPVGRVHRLLRKGC,1
RLLRLLRRLLRLLRRLLRC,1
KCFQWQRNMRKVRGPPVSCIKR,1
LHHLLHHLLHLLHHLLHHLHHL,1
MFTVFLLVVLTTTVVSFPSDRASDGRNAAANDKASDVVTLVLKGCCSTPPCAVLYCGRRR,0
GRQLRIAGRRLRGRSR,1
MKSVCGVLIILVVLTTMLSISTFSTVGAEGDCPISEAIKCVEKCKEKVEVCEPGVCKCSG,0
MDLKVTLIKSVAHRLPKQRKIVKALGLGKVNSTVVLPDNAATRGALLKIAHLISVEEVNK,0
QNRRMKWKK,1
DCPSDWSPYEGHCYKHFIKWMNNEDAERFC,0
MLRTYQPKKRHRKKVHGFRKRMSTKAGRNVLKRRRLKGRHRLTA,0
MDIKQLREKSADELKAHLTDLRKEQFSLRMQQVTGQLPKTHETRRVRREIARVKHLLGSTQ,0
VTSYTLNEIVPLKDVVPEWVRIGFSATTGAEFAAHEVLSWSFHSELEETSASKQ,0
KMDSRWRWKCSKK,1
YGRKKRRQRRRQRRRPTAPLSPMSP,1
KLWMRWYSPTTRRYG,1
MSSVTLRNVSKAYGETIISKNINLEIQEGEF,0
MDHRLLEIIACPVCNGKLSFNQEHQELVCKIDRLAFPLRDGIPVMLESEARPLPQEEN,0
MTKQLSPYQDKIHKHILRDRFLSSFKQPGRFRAELEKVKLMQKEKGHE,0
ENFKIKHTEPGLLSMANAGKN,0
YNNFAYSVFL,1
QIIEANLALRR,0
MFRWGIIFLVIALIAAALGFGGLAGTAASAAKIVFVVGIVLFLISLFMGRKRP,0
MPVCTSRSLQGGKVDTHFPLHVLHSVACDV,0
RLHRRLHRRLHRLHR,1
VERYAFGL,0
FAPWDTASFMLG,1
RKKRRQRAR,1
YSPSLTDLQSYNAMNGPALKAGDILAVPLPA,0
MHNYYKIVLIMVAFFAVIITFSNIQVEGAVCNLKRCQLSCRSLGLLGKCIGDKCECVKHGK,0
ANQRLPPLSNDPDRCERAFVGNT,0
MKVRASVKKMCDDCKVVKRKGIVRVICKVKKHKQRQG,0
MPQLNPNPWFYIMLMSWLTFSLIIQPKLLSFTSANPPSNKTSTTTRTLPWTWPWT,0
KLGVM,1
LTRNYEAWVPTP,1
GGRRARRRRRR,1
GCIPKHKRCTWSGPKCCNNISCHCNISGTLCKCRPGLFGW,0
EIQNAGLYAILR,0
CWKKK,1
ILGTILGLLKSL,0
MESPAFFFTFFLWFLLLSVTGYSVYVSFGPPSKKLRDPFEEHED,0
MDMVSLAWAALMVVFTFSLSLVVWGRSGL,0
GVPCLCDSDGPNVRGNTLSGTYWLAGCPSGWHNCKSSGPNIGWCCKK,0
CGNKRTRGC,1
FFFFFFGRRRRRRRRGC,1
ARDGYIVDEKGCKFACFIN,0
NTCTWLKYHS,1
RRRRRRRRR,1
MQVLSSLKTAKQRHRDCQIVRRRGKVYVICKSNPRFKSRQR,0
GLVSSIGKALGGLLADVVKSKGQPA,0
CRGDC,1
RGPRRQPRRHRRPRR,1
RRRRRRRRRRRRRRR,1
RKKRRQR,1
RIMRILRILKLAR,1
RQIKIWFQN,1
RLHRRLHRRLHRLHRRLHRLHRRLHRRLH,1
CKCPSCNFNDVTENCKCCIFRQP,0
RAWMRWYSPTTRRYG,1
SVVAAYMV,0
MKRTYQPKKRHRQRVHGFRKRMSTSNGRNVLARRRRKGRKVLSA,0
MAVPKKKTSKSRRDMRRAHHALVNVTGAECPNCGEVKLPHHVCGSCGHYDGREVVAQAEA,0
MAVPKRRMSRANTRSRRAQWKATATNLVGVTVAGQQRKVPRRLLKAARLGLIDLDRR,0
NILGREAKCTNEVNGCPRIYNPVCGTDGVTYANECLLCMENKERQTPVLIQKSGPC,0
MNRVQFNHHHHHHPD,0
CASGQQGLLKLC,1
MVKLTSIAAGVAAIAAGASAAATTTLSQSDERVNLVELGVYVSDIRAHLAEYYSF,0
PLSSIFSRIGDP,1
METATVLIVFIASLLLGVTGYSVYTAFGPNSKDLRDPFEDHED,0
KDALEHTGFAPKKDGEEHVEWNYN,0
HRLRHALAHLLHKLKHLLHALAHRLRH,1
PPHNRIQRRLNM,1
RKKNPNCRRH,1
MDIVSLAWAALMVVFSFSLSLVVWGRSGL,0
CIIRNCPRG,0
MARYRCCRSQSRSRCYRQRRRGRRRRRRTCRRRRASRCCRRRYKLTCRRY,0
MADSNCGCGSSCKCGDSCSCEKNYNKECDNCSCGSNCSCGSNCNC,0
QGLIPFPRV,0
LKDAQSRITK,0
IIDDTINGAITTADNIVGRIGII,0
LIRLWSHLIHIWFQNRRLKWKKKC,1
GWTLNSAGYLLGKINLKAPAALAKKIL,1
PKKKRKVALWKTLLKKVLKA,1
MARRKKYEGLNPFVAAGLIKFSEEGEMERIKLSPKAAIAVSAAIIAALIIINLLLPPL,0
MTTKRTFQPKKRHKERVHGFMKRMNTKNGRKVLARRRAKGRKVLSA,0
MAAFSLDLLAQLPEAYQAFGPLIDILPIIPVFFLLLAFVWQASVGFR,0
DVVASSTAHKQQDINHLLDK,0
MDVAEYAAHDATGLAELIREGQVSACEV,0
MRIQSTVNGGFAEVSDEYAQRLIAAGGWKRPRKPRTTKPKPAPKQEPATEE,0
WKARRQCFRVLHHWN,1
TSGLIAFPRL,0
FQWQRNMRKVRGPPVS,1
CRGDKGDPC,1
KETWWETWWTEWSQPKKKRKV,1
QHWSYGLRPGGKRNAKNVIDSFQEIAKEVDQPVEPKCCGCIVHQSHSPLRDLKAALESLIE,0
AVPAENALNNPF,1
MLSAKGVSLGLGLGLGAWGPVLLGVVGVAGALALYGYYKNRNAEPAAAEAV,0
KCRECGNTSPSCYFSGNCVNGKCVCPA,0
ACSHSGWGCGHGSWSCGRRRRRRRR,1
RRRRRRRRRRRRGC,1
EEEAAKKK,1
GRRHHCRSKAKRSRHH,1
MWYFAWILGTLLACSFGVITALALEHVESGKAGQEDI,0
MARNEIRPIVKLRSTAGTGYTYVTRKNRRNDPDRMVLRKYDPVVRKHVDFREER,0
IKIWFQNRRMKWKK,1
LDITPFLSLTLP,1
VPTLK,1
DAEHKSEIVHRFNDLKEEKFKGAALITFAQFLHKKPEEEA,0
MRSEQISGSSLNPSCRFSSAYSPVTRQRKDMSR,0
NVRFDLSGATSSSYKTFIKN,0
LLKKRKVVRLIKFLLK,1
SYIITTPRMWVAGSPAQVRTYVMPYGCGEQNMVNFAPN,0
KKWKMRRNQFWIKIQR,1
ANNAGARKAIRKIEARTEVN,0
RRRR,1
MISQDLINRINELYKKQKESGLTDEEQQEQQKLRQEYLKGIRKQVLKQMGEDPEKEPKNN,0
MKTKAAVLFETHKPFEIVELEL,0
RRRRRRRGGKLAKLAKKLAKLAK,1
KHKALHALHLLALLWLHLAHLAKHK,1
ERKKRRRE,1
MKRTYQPNKRKHLKTHGFRARMSTADGRKILAARRAKGRKRLTVSDK,0
MVRRRRSRSPYRRRSRSRSRSGSDRSRSRYRSRSRSRSRSRSRARSRSPYHHHINQYI,0
MSPQTETKASVGFKAGVKDYKLTYYTPEYETKDTDILAAFRVTPQPGVPPEEAGAAVA,0
CELAGIGILTVKKKKKQKKK,1
VAVKATTTEEETEIPAK,0
MTLRDSCTTSLKGGPRRFPLRNFSLFTFCKQRNNNKNDKIHLFMYCT,0
MPILTSYFGFLLAASTITPALFIGLNKIRLI,0
KLWSAWPSLWSSLWKP,1
YRFKYRFKYRLFK,1
GAYDLRRRERQSRLRRRERQSR,1
RQIKIWFPNRRMKWKK,1
KLALKLALKALKAA,1
LLKLLKKLLKLLKKLLKLL,1
FIGGIISLIKKLF,0
KFLNRFWHWLQLKPGQPMY,1
MVTVLFRRLRIRRACGPPRVRV,1
GLFRALLRLLRSLWRLLLRA,1
MATVKVTLIKSVSGRLPNHKLCVKGLGLRRIGHTVEVQDTPENRGMINKAYYMLKVEG,0
WRWRWRWRWRWRWR,1
GPLNAQHQS,0
KRPAAIKKAGQAKKKK,1
MPITLDPEKLAIVMKHKFQYKICRECGARNPPDAEKCRRCRSRNLRPKKFKKK,0
IYRDLISH,1
CHAIYPRH,1
CGRKKRLLRQRLLRLLRPPQ,1
ARTINAQQAELDSALLAAAGFGNTTADVFDRG,1
DVNWPLGWPVGGYPG,0
HSDGLFTSEYSKMRGNAQVQKFIQNLM,0
MKVRASVKKICDNCRLIRRRKRIMVVCSNPKHKQRQG,0
LLLRR,1
ACRGRGRGCGSGSRSCG,1
RQIKIWFANRRMKWKK,1
MTLDVFTKVVSQADSRG,0
MAASFLPSILVPLVGLIFPAFSMALFFLYVQTDDIA,0
MSDKPDVKEVESFDKTTLKKTTTNEKNTLPTKEVIEQEKSGGSD,0
MGFATLWYSHPRKYGQGSRCCRACSNRHGLIRKYGLNICRQCFREYANDIGFKKLD,0
MKIKNSLKSLKTRHRENRLVRRKGRVYIINKLNPRFKARQG,0
KKDGKKRKRSRKESYSVYVYKVLKQ,1
METATLIAISISGLLVSFTGYALYIAFGQPSQQLRDPFEEHGD,0
CGRKKRRQRWWRRPPQ,1
VVSCADITALAARQGLFTSDQDLYTDSRMGQLNVLTGTQGEIR,0
MKRTYQPSKIVRKRRHGFRARMATTGGRKVLAARRTRGRKRLSA,0
VVGGDECNINE,0
HILKHNGSKPIRCPECNYTCVNRSMLTSHMKSHSNTYPYRCLDCNYATKY,0
GCISTGSFCTLSKGCCTKNCGWNFKCNPPNQ,0
MDSPAFFFTIFLWCLLLSITGYSIYVGFGPPSQQLRDPFEEHED,0
RRRRRRRRRR,1
MKFSSIILLTLLICSMSIFGNCQVETNKKCQGGSCASVCRRVIGVAAGKCINGRCVCYP,0
ARRRCSDRFRNCPADEALCGRRR,1
KLIKGRTPIKFGKADCDRPPKHSQNGM,1
RKKRRQRRRPPQCAAVALLPAVLLALLAP,1
RLWMRWYSPTTRRAG,1
HILPWKWPWWPWRR,1
MLTYTGTVINVQTFAAKPDP,0
RRIRPRP,1
RLWMRWYSPTTRAYG,1
IPACMVEDGGCWDPLGEAFNSATQRAETLRNL,0
KKLFKKILKKL,1
MAVPKQKRSRSRTHHKRVKIYRPIKVAVSVCPNCGEPKEPHRVCLHCGYYGGKQILEIGE,0
MAKGSREKIKLESSASTGHFYTTSKNKRTKPEKMEIMKFDPTIRKHVAYKETKLK,0
KHKHKHKHKHKHKHKHKHKKLFKKILKYL,1
ACRDRFRNCPADEALCG,1
SATGAPWKMWVR,1
RRRRRRRHHH,1
MKIRASVRKICEKCQLIRRRGRILVICSNPRHKQRQG,0
IYLATALAKWALKQGGRRRRRRR,1
MGQEQGIPWIL,0
DAATARGRGRSAASRPTERPRAPARSASRPRRPVD,1
KLALKLALKWAKLALKAA,1
LLIILRRRIRKQAHAHSA,1
ACRGRGRGCGSGSGSCG,1
TKDPELKQCKKQQKKQQQYDDDDKK,0
VIGGDECNINEHRFLVALYDF,0
FVVETENQLMSQGGRYYILPVIYGKGGGLG,0
MIREHLLKEIEKKRAELLQIVMANGMTSHITIELSQELDHLLIQYQKQRLRAVAGDE,0
LNSAGYLLGKINLKALAALAKKIL,1
MKRTFQPNNRRRHMKHGFRLRMRTRSGRAVINRRRAKGRKTLSA,0
MLFDTHAHLNAVQYEEDLEQVIERARAEGVSHIVVVGFDRPTIDRAIEL,0
KLPVT,1
RQIKIWFQ,1
TQSTGTSQTVEVGLWGGPDN,0
MATVKVTLIKSVSGRIPNHKLCVKGLGLRRIGHTVEVQDTPENRGMINKAYYMLKVEG,0
RKKRRRESRKKRRRESC,1
VPPGFTPFRQS,0
GLWRALWRALWRSLWKKKRKV,1
ECYPKKGQDP,1
MAVQQNKKSPSKRGMHRSHDFLTAAPLAVEPSTGEVHLRHHISPNGYYRGKKVVKTKND,0
VIRVHFRLPVRTV,1
MLKSEVSKQISMPLTAPAF,0
EEE,1
ACSGSGSGCGSGSGSCGRRRRRRRR,1
GKHRHERGHHRDRRER,1
HSDAVFTDNYSRFRKQMAVKKYLNSVLT,0
LLIILRRRIRAQAHAHSK,1
TELSGAPLDLYQYRGQVLLIPQFTGLLYQKSQQEGDVVDGLPSHQFHQY,0
RPPGFSPF,0
MPTITSYFGFLLAALTITSALFIGLSKIGLI,0
SEAENDLMNKLFTAYNPKVRPAEK,0
KNVNETLLLRALKSSSLRLPVPTKIIKKYDKRTDCIKGS,0
RRRQKRIVVRRRLIR,1
NPASCCSCADVDPGRASRKTPKGEDQVFIKEKDRC,0
CLLYWFRRRHRHHRRRHRRC,1
MRKPSAFHACNIIFLPLVKCASATIMLN,0
TLPSPLALLTVH,1
RRRRNRTRRNRRRVRGC,1
KTIEAHPPYYAS,1
MAVPKFKKSRANTRARRSQWKADNVELQTQKINGQEVQIPRRLVKAAQLGLIDLD,0
GGGGRRRRRRRRRLLLL,1
KCFQWQRNMRKVRGPPVSC,1
MKRTFQPKKRHRARVHGFRKRMSTSNGRKVLARRRQKGRKVLSA,0
TCTWLKYHS,1
DRDSCVDKSKCGKYGYYHQCDECCKKAGDRAGNCVYYKCKCNP,0
RIFIRIGC,1
RKKRRQRRR,1
DCESGPCCRDCKFLKEGTVCRIARGDNKHDYCNGKTCDCPSNPHKGKHH,0
CAKKRNWCGKNEDCCCPMKCIYAWYNQQGSCQSTITGLFKKC,0
GGVCPKILKKCRRDSDCPGACICRGNGYCGSGSD,1
SWLPYPWHVPSS,1
LYKLVKVVLNM,0
RRLLRRLRR,1
RQIKIWFQNR,1
MDFITGFFGSLNFEVIFQLTFVSLILISGPVVIFLLAIRGGDM,0
GGVCPKILRRCRRDSDCPGACICRGNGYCGSGSR,1
WWRRRRRRRR,1
MPQLVPFYFINILSFGFLIFTVLLYISSVYVLPRYNELFISRSIISSL,0
ARRCSDRFRNCPADEALCGRR,1
ACSDRFRNCPADEALCG,1
MPKTIVREEETIEETLRRFKREVSKSGNLAAARKKEYYIKPSVEKKNRRNKMSLR,0
MARYRCCRSPSRSRCRRRRRRFYRRRRRCHRRRRRCCRRRYTRRCKRY,0
MKTIVLLFVLVLVFALLVKMGMVEAEHGCPDNEDECHEHCKSIGKSGGYCVGPHKQTCRCN,0
SPMQKTMNLPPM,1
TTTVQYDPSEQYQPYPEQQEPFVQQQPPFVQQQQPFVQQQEPF,0
RVTSWLGRQLRIAGKRLEGRSK,1
IGCRH,1
RFTFHFRFEFTFHFEGGGRRRRRRR,1
AEKDCIAPGAPCFGTDKPCCNPRAWCSSYANKCL,0
MFMMNNNMFIMFMIMYNVMRVNITRCSRVMFTTFYMITNKYIYIFM,0
KLALKLALKAWKAALKLA,1
MPSHKSFMIKKKLGKKMRQNRPIPHWIRLRTDNTIRYNAKRRHWRRTKLGF,0
LNSAGYLLGKALAALAKKIL,1
RKKRRQRRRGC,1
MPICVLRKSPKRRSPSPKRRRSPKRRSPRRSPRRSPRRSPPRRRSPRRSTRRSPRRR,0
MGTLVIFKENEMTVLEDISEETYLNMKKESADLQEEHPPYLIWHEDLHFDYGY,0
RQIKIWFQNRRMKWK,1
RPPGFTPF,0
MSGSVCCACDTRFFRAQWVDCGFGGSSSVVVGASPQGLLRVR,0
KCGVSIPYKISPSTDCSSVK,0
HHHHHHHHHHHHHHHHRRRRRRRRRRRRRRR,1
QAASRVENYMHR,1
MVEALLSGIVLGLISITSAGLFVTAYLQYRRGDQLDL,0
MKVRASIKKICKDCKIIKRRSINRVICLIKKHKQRQG,0
LTMPSDLQPVLW,1
MDDFKQAILLLVVDFVFVIILLLVLTFVVPRLQQSSTINTGLRTV,0
YTAIAWVKAFIRKLRK,1
CELAGIGILTVRKKRRQRRR,1
RQARRNRRRC,1
MLSPSQSLQYQKESVERALTCANCGQKLHVLEVHVCEYCCAELMSDPNSSMYEEEDDE,0
MRVKITLICSSCGNKNYISSKNKATHPEKVETMKFCPKERIVTLHREG,0
KKTTTKPTKK,1
KLFMALVAFLRFLTIPPTAGILKRWGTI,1
AGLPPEEKPKLCDAACE,0
MSKKYELYEVKDGKIVRKNPECVRCSHGIFMADHGDRYACGRCGYTQWKNE,0
FLPLLAGLAANFLPTIICKISYKC,0
MTENIISWNVANWVTVILMALAGYAVLALAAKVINNRAQEPA,0
MAVQQNKKSPSKRGMHRSHNALNVPGIAVEPTTGETHLRHHISPNGVYRGRQVLKNKSEA,0
RRRERRAEK,1
RRRRRRRRRC,1
LLLR,1
CIILLLTIFEINADVKVTDCSKDEYSWCVEKCTKVRSKVRQCKVINDSVKCQCH,0
VQPPHSHGDNFYIWT,0
MKALCAILLVLFACSVMFEHFSISTAEKVLQNPLSELKRNCEKADCRRSLPQNKQHDFKE,0
IVWSRDQRRKMDLENPKMRNSEISKQLGYQWKMLTEADKWPFFQEAQKLQAMHRE,0
MDPNCSCATDGSCSCAGSCKCKQCKCTSCKKSCCSCCPVGCAKCSQGCICKEASDKCSCCA,0
GLLEALAELLEGLRKRLRKFRNKIKEK,1
RVCYAIPLPIC,0
MNKFIKVALVGAVLATLTACTGHIENRDKNCSYDYLLHPAISISKIIGGCGPTAQ,0
RRRRRRHHH,1
AVSLVLPQLK,0
EKRPRTAFSSEQLARLKREFNENRYLTTERRRQQLSSELGLNEAQIKIWFQNKRAKIKKST,1
DDIKLSQQYDVLDLFKYMHQ,0
INIKDILAKLVKVLGHV,0
SRRHACRSKAKRSRHH,1
MQEMVGYLIKYPNVLREVMEGNACLLGVDKDQSECIINGFKGLEIYSMLDWKY,0
DPKGDPKGVTVTVTVTVTGKGDPKPD,1
CLLIILRRRIRKQAHAHSKNHQQQNPHQPPM,1
GLKKLARLFHKLLKLGC,1
EKGFGFISTENGQDVFAHFSAIQTNGFKTLEEGQKVEFDVEEGQR,0
RRRRRRRRRRRTYADFIASGRTGRRNAI,1
GFVDFLKKVAGTIANVVT,0
TCTWLKYH,1
MVCPKILMKCKHDSDCLLDCVCLEDIGYCGVS,0
KMDCRWRWKCSKK,1
YARAAARQARAKALARQLGVAA,1
GSSGLIPMGRV,0
GWTLNSKINLKALAALAKKIL,1
GLWRALWRALWRSLWKLKWKV,1
CGGGGYGRKKRRQRRR,1
MKVQASVKKICRNCKVIRRKGRVMVICSAEPRHKQRQG,0
GLFDIIKKVASVVGLASP,0
NPVVRITNGAIRGQN,0
LGTYTQDFNKFHTFPQTAIGVGAP,1
HNPASFIGLM,0
AKKKAAKAAKKKAAKAAKKKAAKA,1
WKCRRQCFRVLHHWN,1
ACRGRGRGCGRGRGRCG,1
MAFTCSDIFKIILAIILPPLGVFLERGCGADLLINILLTILGYIPGIIHALYIILKY,0
MAQPKRRWSKQRTHKHRANWKIEAPNLVECPQCHEMKLPHRVCPSCGYYKNRKVVNED,0
LLYWFRRRHRHHRRRHRR,1
YKRKARRAARR,1
FLPIIASVAAKVFSKIFCAISKKC,0
MPSIKQCSFCGKEIPPATGLMYIRNDGSILWFCSNKCKKSMLKLHRDPKKLKWTKSYIGGK,0
MAVPRRKTSPSRRGMRRSADALKRPTYAEDKDSGELRRPHHLDLKTGMYKGRQVIKKKDA,0
MFNWNIVAQLLSLALVTLSGPAVIFLLYFKRGNL,0
DECFSPGTFCGIKPGLCCSARCLSFFCISLEF,0
MFRWAIIFAVIALLASLLGFGGVAGLSQNFAYIFLVVAVILFIIGFISRRT,0
MERNTNPNRQPVELNRTSLYLGLLLVAVLGILFSSYFFN,0
MAKKVGLACDICGARDYTTMKKEDVSIRLELKKFCRRCNAHTIHKEAK,0
MIIGMLRAHMITSLSPIPTMPSVNINKPKARFLYAI,0
KIAAKSIAKIWKSILKIA,1
ARRRAARAARRRAARAARRRAARA,1
CRGDK,1
MNIILMGLPGAGKGTQASEIVKKFPIPHISTGDMFIKAIK,0
CAKKRNWCGKTEDCCCPMKCVYAWYNEQGSCQSTISALWKKC,0
GRGDSPRRKKKKSPRRKKKKSPRR,1
IPLVVPLC,1
RVRILARFLRTRV,1
RLHHRLHRRLHRLHRRLHRLHHRLHRRLH,1
MLLLTRRRST,1
RGERLERRELRLERRELRC,1
MSRRMGGGMPKINLSGAIPNNNTSTPSTPTLRSSVSVSSSNSRGLFLA,0
GRKKRRQRRRPPQGRKKRRQRRRPPQGRKKRRQRRRPPQ,1
MKGDPKVIDYLNKALRHELTAINQYWLHYRLLDNWGIKDLAKKWRAESIE,0
MAVPARRTSKTRKRNRRGHIKLTTPGLAPCPNCGELRVSHRVCPSCGYYNGKQVIDVKAN,0
MQDIKTYLSTAPVLATFWFGLLAGLLIEINRFFPDALTFSFAF,0
MWVVLSKEKILLKKAYYAKTILFSALVLRGVRGE,0
KCFMWQEMLNKAGVPKLRCARK,1
MKIYVIWSFYVLATINKQDYLPKLEFIFHKICIMFKSYYKEYEFHIKP,0
CHHRRRRHHC,1
WEAALAEALAEALAEHLAEALAEALEALAA,1
MSQNEVDINIISLSEVVSRPNPNKQVVELNRTSLFWGLLLIFVLAVLFSSYIFN,0
KFGKVLKFLAKTLAKHLAKKQAQS,0
MKIRASVRKICEKCRLIRRRGRIRVICSNPRHKQRQG,0
GSRVQIRCRFRNSTR,1
KLAKLAKKLAKLAKGGRRRRRRR,1
SLRKMHALGET,0
VKLPPPVKLPPP,1
GYLGGYAAPAIAAAPAIAALPAASSIAANGY,0
ACSGSGSGCGSGSGSCG,1
TRRQRTRRARRNRGC,1
LNKRCAGIGSFCGLPGLVDCCSGRCFIVCLP,0
MKIRASVRQICDKCRLIRRRGRILVICYNPRHKQRQG,0
WIIFRIAAYHKK,1
CTSTTAKRKKRKLK,1
MTINFVFGFHIVTLSICQSF,0
QKLCERPSGTWSGVCGNNNACKNQCINLEKARHGSCNYVFPAHK,0
MARFPEAEARLLNVKICMKCNARNAIRATSCRKCGSDELRAKSKERKA,0
MSMTSDDIIYVVFALGLVVSFGLGAITAGVFR,0
RRRQRRKKR,1
DLFQFGKMIECANKGSRPSLDYMNYGCYCGK,0
RKKRAQRRR,1
LLRARWRRRRSRRFR,1
MSKGKKRSGARPGRPQPLRGTKGKRKGARLWYVGGQQF,0
VHVGPCDQVCSRIDPEKDECCRAHGYRGHSSCYYGRMECY,0
KITLKLAIKAWKLALKAA,1
KCPSRRPKR,1
MAATFALHGWWRTS,0
MAVQQNKPTRSKRGMRRSHDALTAVTSLSVDKTSGEKHLRHHITADGYYRGRKVIAK,0
MELVKCQPGICNCSCKPESLIPTTTSTSTTTTSTTTSTTTSTTTTTTTTTTKDFNTET,0
CRQIKIWFQNRRMKWKKKLAKLAKKLAKLAK,1
RQIKIW,1
CGGGRRRRRRRRRLLLL,1
NKRILIRIMTRP,1
GNYAHRVGAGAPVWL,1
MRRIRPRPPRLPRPRPRPLPFPRPGGCYPG,1
MAEVRVGENESLDSALRRFRRQCSKAGVLSELRKREHYESPSVKRKKKAEAARKRKYKYGR,0
MAAKSTDVRPKITLACEQCKHRNYITKKNRRNDPDRLELKKFCPNCGTHRAHRESR,0
YGRKKRRQRRRAYFNGCSSPTAPLSPMSP,1
GLRKRLRKFRNKIKEK,1
QNCCNGGCSSKWCKGHARCC,0
MESFAYILILAFSIGTLFFAIALRDPPKIGK,0
MKRTYQPSKIRRARTHGFLVRMKTRGGRAVINARRAKGRKRLAV,0
MKRTFQPSTIKRARTHGFRARMATKNGRAVLSRRRAKGRKRLAV,0
MNNQSPLLKFLTTAPVITTIWLFITAGILIEFNRFFPDLLFHPLP,0
MCRLYAIILIVLVMNVIMTIIPDSKVEVVSCEDCPEHCSTQKARAKCDNDKCVCEPI,0
CYGRKKRRQRRR,1
YLAPGLGAPAPYPDPLEPKREICELNPDCDELADHIGFQDAYRRFYGTV,0
GRKKRRQRRRPPQC,1
MVSSITQAEIFIALVVAAHAGVLAVRLCVSLYRA,0
MTQVVVGQNENIESALRRFKRQVSKAGIFADIKRRRHFETPIEKRKRKAVARRKKRFR,0
CCTGRKKRRQRRR,1
QIKIWFQNRRMKWKK,1
DLPECCSATELELDSGKQTS,0
APNQRLCGSHLVEALFLICGERGFYYSPRTGIVEQCCENTCSLYELENYCN,0
MANTSKVVKAARGHKFAVQNYNRCSRCGRARGYYRFFGMCRICIRELAHKGELPGVKKASW,0
LGPQLNKGCATCSIGAACLVDGPIPDEIAG,0
QFNEYGHMRF,0
VVVR,1
ANQTYFNFQRFEETN,0
YKQCHKKGGKKGSG,1
SSSIFPPWLSFF,1
GSICLEPKVVGPCTAYFRRFYYDSETGKCTPFIHGGCEGNGNNFETLRACRAICRA,0
MKVRASVRKICEKCRVIKRRGRVMVICANPKHKQRQG,0
MKRTFQPSNTSRKRTHGFLVRMATKNGRLVIKRRRAKGRKNLAVRIATK,0
GFKNVQLSTARGF,0
MRFRIRKCPSCGRYTLKETCPVCGTKTKIAHPPRFSPEDPYGEYRRRLKREQLGIVKR,0
METATVLIIFIASLLLGLTGYSIYTAFGPNSKELRDPFDDHED,0
CSIPPEVKFNKPFVYLI,1
MVDDSKKVWPTGLTIAESEEIHKHVIDGARIFVAIAIVAHFLAYVYSPWLH,0
AGYLLGKINLKALAALAKKIL,1
FVNQHLCGSHLVEALYLVCGNDGFFYRPKAGIVDQCCTGVCSLYQLQNYCN,0
RQIKIWFQNRRM,1
TRQARRNRRRRWRERQRGC,1
KKPGKKTTTKPTKK,1
CKYGRKKRRQRRR,1
CRQIKIWFQNRRMKWKK,1
RARARARARARARARARARARARARARARARA,1
EARPALLTSRLRFIPK,1
QEYTGWMDF,0
RIRMIQNLIKKT,1
KKKEERADLIAYLKKA,1
MLNIFSLICICLNSALHSSSFFFAKLPEAYAFFNPIVDFMPVIPVLFFLLALVWQAAVSFR,0
DVNGGWSCATTVDAKFRPNGCTD,0
MKLIKTFLFLFVVLLVLSEVSAEPRFGRLIRLIVKIARRAHRARSAVKAASNVAELAHGE,0
GCGGGYGRKKRRQRRR,1
SFHQFARATLAS,1
GRKKRRQRRRPP,1
MSRNKHVARKLRMAKANRQNRRVPAWVMVKTNYRVRSHPKMRHWRRTKLKV,0
KCFQWQRNMRKVR,1
RLIMRIYAPTTRRYG,1
LKLKSIVSWAKKVL,0
DPATNPGPHFPR,1
GLIDVRCYDSSQCE,0
NRARRNRRRVR,1
KLTRAQRRAAARKNKRNTRGC,1
GFKDLLKGAAKALVKTVLF,0
AKKRRQRRRAKKRRQRRR,1
MKTATTTASHACPFCSGKGYFQLILGGSETCPSCQGTGKDSHSFSSR,0
RVRSWLGRQLRIAGKRLEGRSK,1
MLYYALVFLVVALVAGALGFGGIAGASAGIAQILFFVFLALLVISLIASAIRKA,0
MFKYTRFERARIVGARALQIAMGAPILIDVPEGITPLDAALLEFEKGIIPLTVIRPS,0
VDKPDYRPRPWPRPNM,0
GRKKRRQRRRPWQ,1
DRDRDRDRDR,1
MISMLRCTFFFVSVILITSYFVTPTMSIKCNRKRHVIKPHICRKICGKNG,0
MLGWALTFLIIAILAGVMGFGGIAGTAAGIAKIIFFVFLVLLVLSLVANAIRGKGPKV,0
LNSAGYLLGKLKALAALAK,1
RRRRRRR,1
AGPSATTGVWFGPRL,0
MRDIKTYLSTAPVLATLWFGSLAGLLIEINRLFPDALTFPFFSF,0
RLRLRLRLRLRLRLRLKLLKLLKLLKLLKKKKKKKGYK,1
RRLSYSRRRF,1
MIQSPTSFLIVLVLLWCKLVISCFRECFVALHQLVQVLLQIINSNLQSRLLLWHSLD,0
CTCKDMTDKECLYFCHQDIIW,0
GCIKTGSFCTLSKGCCTKNCGWNFHCNPPNQ,0
RLWMRWYSPTTRRYG,1
MVETLLSGIVLGLMPVTLAGLFTTAYLQYRRGDQLNL,0
TARRITPKDVIDVRSVTTEINT,1
RRIRPRPPRLPRPRPRPLPFPRPG,1
SCVGEYGRCRSAYEDCCDGYYCNCSQPPYCLCRNNN,0
YGRGGRRGRRR,1
MARRRKYEGLNPFVAAGLIKFSEEGELERIKLNPRTAILVSITVIIAILVLNILHPL,0
MSLEDRAKATGKNIEGKAQEALGNVTGDPEDKAEGKAKQAESEVRHGVEDVKDNVKKKID,0
LSTAADMQGVVTDGMASGLDKDYLKPDD,1
RKKRRARRR,1
MAPQRDTVGGRTTPPSWGPAKAQLRNSCA,1
NLDTPYCFYSGDYGG,0
MARQRRSITDIICENCKYLPTKRSRNKRKPIPKESDVKTFNYTAHLWDIRWLRHRARK,0
PRPRPRPLPFPRPG,1
MLESIINLVSSGAVDSHTPQTAVAAVLCAAMIGLFS,0
MAVKAISGCDKDQELI,0
GWTLNSAGYLLGPHAVGNHRSFSDKNGLTS,1
CGRKKRAARQRRRPPQ,1
QYVKDPDKQVVARIFLDLQLVQR,0
RATVNGLPA,0
RLLMRLYSPTTRRYG,1
RLIMRIYSPTTRRYG,1
MKMFLFLNESYIFDRLRMWSIVLWHSCVFVCAECENANYRGAEVP,0
AHALCLTERQIKIWFQNRRMKWKKEN,1
YEREARRAARR,1
EKGKKIFIMK,1
RGDRLDRRDLRLDRRDLRC,1
RRGRRG,1
RIKAERKRMRNRIAASKSRKRKLERIARGC,1
MVNWELLKNPINWLIVILMLTIAGMAATLVCNHFGKNAVTSE,0
MAVPKKKTSKSKRDKRRATWRHKAAVEAQKALSLGKSILTGRSTFVYPTPEEEDEEE,0
SQCCYQICSPC,0
VSRRRRRRGGRRRRK,1
GRQLRRAGRRLRRRSR,1
MAQRKIALACSVCGSRNYTITASATRTKRLEVMKFCKFCGKHTLHRETR,0
NRHFRFFFNFTNR,1
GRCTKSIPPICWPK,1
ACSGRGRGCGRGRGSCG,1
SWWTPWHVHSES,1
MVCKGCGTNCQCSAQKCGDNCACNKDCQCVCKNGPKDQCCSNK,0
IPALK,1
FLKLLKKFLKLFKKLLKLF,1
KLALKAAAKAWKAAAKAA,1
MPQLNPTPWFPIMMLSWLIFSLIIQPKLLLFTPTNPPSNKTTTTTRSNPWTWPWT,0
KKPTIKTTKK,1
KCCKWRWRCK,1
GRPSARYDAPYCSQEEVRECQDDCSGNAVRDSCLCAYDPAGSPACECRCVEPWRR,0
CRWRWKCSKK,1
MTSDYRVSPIKKSRPAMSK,0
HYRIKPTFRRLAWKYKGKFW,1
LIIFAILISHKK,1
SRRHHCRAKAKRSRHH,1
MLVARLLRWALTVSLRLDPYGRKDEMAGAVGRFATKPVLQEAHARGRATA,0
VSKQPYYMWNGN,1
MKRTYQPSVISKKRTHGFRARMKTRGGRAVIRARRAKGRVRLSV,0
DDKCSIGCKGSATAPTFLNGH,0
YRWRCKNQN,1
MKFFQAAALLLAMFAALANAEPVPQPGTVLIQTDNTQYIRTG,0
RQIKIWAQNRRMKWKK,1
KDRPKKPGLCPPRPQKPCVKECKNDDSCPGQQKCCNYGCKDECRDPIFVG,0
MKNTVKLEQFVALKEKELQKIKGGEMRKPDGALFNLFRRR,0
NPNPVPIPLVDIDYL,0
HPGSPFPPEHRP,1
MKRTFQPSNRKRRNKHGFRLRMSTKNGRKILSARRAKGRHSLSVSSEMGTAGK,0
HEHEHEHEHEHEHEHEHEHEEFGGGGGYGRGRGRGRGRGRG,1
WEARLARALARALARHLARALARA,1
GLFGVLAKVAAHVVPAIAEHF,0
SRRAHCRSKAKRSRHH,1
MVWSRGQRRKLALENPSMQNSEISEQLGCQWKSLREADKRPFLEEAQRLKIL,0
NWRKILGKIAKVAAGLLGSMLAGYQV,0
ARSDNFVRL,0
RQIKIWFQNRRMKWAK,1
LIGPVLGLVGSALGGLLKKIG,0
VNADIKATTVFGGKYVSLTTP,1
MTPSSLSTLPWP,1
MARYRCCRSQSRSRCYRQRRSRRRKRQSCQTQRRAMRCCRRRSRLRRRRH,0
MYAFSYSTPRTLDEVSAAS,0
RLWARWYSPTTRRYG,1
GSGKKGGKKHCQKY,1
MPCPCGSGCKCASQATKGSCNCGSDCKCGGDKKSACGCSK,0
RQIKIWFQNRRMAWKK,1
HHHRRRRRRRRRHHH,1
RILQQLLFIHF,1
YARVRRRGPRR,1
MKRTYQPSNLVRKRRHGFRARMATKAGRKILNARRARGRKSLSA,0
SPTCIRSGQPCPYNENCCSQSCTFKTNENGNTVKRCD,0
KLWMRWYSPWTRRYG,1
GRKGKHKRKKLP,1
CGRKKRRQRRLLRPPQ,1
GFGMLFKFL,0
GGVPCLCDSDGPSVRGNTLSGIIWLAGCPSGWHNCKAHGPTIGWCCKQ,0
VKLPPP,1
MAKRSGSGLQSSAGLMRYYEADKNAVHIQPKTVLIVGALAGIAVLFLSAVNGFWP,0
TKRRITPKKVIDVRSVTTEINT,1
VRRFLVTLRIRRA,1
GFSSLFKAGAKYLLKSVGKAGAQQLACKAANNCA,0
MVGQEQLESSPLCQHSDNETETKRECSVVIPDDWQLTSQQQAFIELFAEDDQPKQ,0
MSVSCWEFNAG,0
MKRTFQPSNTSRKRTHGFLVRMASKNGRLVIKRRRAKGRKRLSVQVASK,0
MSKRTYQPNKRKHAKTHGFRARMATKKGRLVLASRRAKGRKQLTVSDK,0
MDEKQRYDAGMQVRRAVLGDAHVDRCLEKLNDFNGEFQEMITRHACGD,0
ACHGRRWGCGRHRGRCG,1
IRCQGSNQCYGHCREKTGCMNGKCINRVCKCYGC,0
NRLCCSQYGFCGTTSEYCSRANGCQSNCWGR,0
ACGRGRGRCGRGRGRCG,1
ISGTSMSCPHVAGRAYVLDTSLRVYLLDTGLR,0
GWTLNSAGYLLGKINLKALAALAKKLL,1
RRRRRRRGGIYLATALAKWALKQ,1
GRCTRSIPPKCWPD,1
RRRRWWWW,1
APPGFTPFRIY,0
GRKKRRQRRRPPQY,1
AIANAPLLDTTITDRVFFD,0
KFCEKPSGTWSGVCGNSGACKDQCIRLEGAKHGSCNYKPPAHRCICYYEC,0
MFGDPKPYNPSSNDWKEEYEACKYWDRPPRGNLRDTPYYPWAPKENQYRVNFKLGFQ,0
GSVIGCGETCLRGRCYTPGCTCDHGICKKN,0
RLLRLLLRLWRRLLRLLR,1
GLFKALLKLLKSLWKLLLKAGGC,1
GGVCPKILAACRRDSDCPGACICRGNGYCGSGSD,1
FLPLLAGLAANFLPKIPCKITKKC,0
LKTLTETLKELTKTLTEL,1
DTWAGVEAIIRILQQLLFIHFR,1
VQRKRQKLMP,1
GDLPICGETCFEGGNCRIPGCTCVWPFCSKN,0
METATLVTISISCLLVSFTGYAIYTSFGRPSEQLRDPFEDHED,0
MSALSYFFAAYCIGWVISHSILVFKKLSEVST,0
MALKITQIKGTVGTKPKHRENLRSLGLKRIRHTVIRPDTPEVRGMILAVRHLIVVEEVAGE,0
MSRIVAPAAASVVVGLLLGAATIFGMTLMVQQDTKPPLPGGDPQSSVLNRVEYGNRT,0
MAPRGFSCLLLLTSEIDLPVKRRA,0
MDILTLGWVGLLGLFTYSIAMVVWGRHGM,0
MFFYDWYVGLNDVIYDCIAILALGCAITCLLLILHRSALHRLHLVYADGSRRYCQFAAI,0
MKIKNSLKSLKARHRDNRLVRRKGRIYIINKLNPRYKARQG,0
MLTKYALAAVIVLCLTVLGFTLLVGDSLCEFTVKERNIEFKAVLAYEPKK,0
RSVTTEINTLFQTLTSIAEKVDP,1
VLLDGNGEVVQNGGTYYLLP,0
LLIILRRRIRKQAHAHAK,1
SLEDIEHEVEELLR,0
INLKALAALAKKIL,1
LLIALRRRIRKQAHAHSK,1
MQHCILILAWGKCILKAKFFLPLLPVRFVLGDPEDNAGTQTGDPARGR,0
FQPYDHPAEVSY,1
SRRARRSPRHLGSG,1
MASKSTELRPIVKLKSTAGTGYTYVTRKNRRNDPDRMVLRKYDPVVRKHVDFREER,0
SSTCIRTDQPCPYNESCCSGSCTYKANENGNQVKRCD,0
MCSCNLYFNGELVMEDVMIVEKKGDKVIAIDLFGDKKEFVGEIKKIDLNENKIFIEG,0
MADTTGRIPLWIIGTVAGIPVIGLIGIFFYGSYSGLGSSL,0
MDPCECSKSGNCNCGGSCTCTNCSCKSCKKSCCPCCPSGCTKCASGCVCIGKTCDTSCCQ,0
MITVPHVVNLNLTGQWRENGGQI,0
GRQLRIAGRRLRRRSR,1
AAAWFW,1
MASDKKSEGFQSGAGLIRYFEEEEIKGPALDPKLVVYIGIAVAIMVELAKIFWPP,0
MPQLNPEPWLTTFLIVWISLIVILQPKIASLMLTSSPTPYKAMTIKTWPWPWT,0
VIGGDECNINEHRSLALVY,0
MKVVSSIKSAKKRHPACQVVRRRGKIYVINKVEPRYKARQG,0
CIGAVLKVLTTGLPALISWIKRKRQQ,1
MLILTRRVGETLVIGDEVTVTVLGIKGNQVRIGVNAPKEISIHREEIYQRIKSEKSQQNLC,0
MAVQQNKKSRSKRGMRRSHDSLSTAQLSVDATSGELHLRHNVTADGFYRGKKVINK,0
RRRRRRRRK,1
SRWRWKCSKK,1
MAKKALIEKSNRKPKYAVRGYTRCQRCGRSRSVYRVFGLCRVCLRQMAHRGELPGITKSSW,0
PSSSSSSRIGDP,1
MEWKLLLIVLPWLLVCKIFYKVEDFTEPDVAYQSIDYHPEDYIDSFTDFQKHDYFQY,0
NRRMKWKK,1
AAKDIKFGVEARGLMLQGVEQLADAVKVTMGPKGRNVVIE,0
MTDFPSIFVPLVGLVFPAIAMASLSLHVENNKIV,0
MWAGILEILSAFIRILFKLLYCWALFFTVLKGFSRGPLLPLIYLINKSL,0
FRVPLRIRPCVVAPRLVMVRHTFGRIARWVAGPLETR,1
TAMVDCSDYPKPACTLEYMPFCGSDSKTYSNKCNFCNAVVDSNGTLTLSHFGKC,0
MSAEVKVTLVRSHIGKSTSVKAVLNGLGLTKRQKTVTLKDSPEVRGMINKVSHLLKVDE,0
MIIFRIAAYHKK,1
MTNKNTSTDMRKNAPKGDNPGQPEPLSGSKKVKNRNHTRQKHNSSHDM,0
QLWPRPQIPP,0
DRRRRGSRPSGAERRRR,1
KWFETWFTEWPKKRK,1
RRWRRWWRRWWRRWRR,1
MSEKTVKVQLVKSLIGTRESHRATVRGLGLRRLNSVSELQDTPAVRGMINKVSYLVKVIG,0
HEHEHEHEHEHEHEHEHEHEEFGGGGGYGRRRRRRGGGGGG,1
MAAAFLPSILVPLVGLIFPAFSMALFFLYSQKDDIA,0
KMDCRWRWKCCKK,1
AASGASIFSAKCAQCHLGGKNIINPTKTLSLADLQANGKDTVSAI,0
FREIKGYEYQLYVYASDKLFRADISEDYKTRGRKLLRFNGPVPPP,0
LRRERQSRLRRERQSR,1
KWFKIQMQIRRWKNKR,1
RQIKIWFQNRAMKWKK,1
MIELLLFGIILGLISCVLAGLFVSAYYQYKRNR,0
DCCPCPAGAVRCRFACC,0
GRKKRRQRPPQC,1
MMKHVIILVILLVISFQAY,0
DAQEKRQPWLPFV,0
RLLRLLRLL,1
MKYSEFRRWLKAQGVEFQTGKGSHFKVSLNGKSTVFPDHGAKEMGEGLRKSIVKQLGLKD,0
ETMLDRIASGDLESSVDDPRSAEDKRFESHIEQGKPYKELRMEVGKQTLKYAQEEL,0
YGRKKRRQRRR,1
GGVCPKILKACRRDSDCPGACICRGNGYCGSGSD,1
AGSKSRSRSRSRSRSKSPAKSASPKSAASPRASR,0
DEEPKETCSDDMCVIYCKGEEFSTGACDGPQKCKCS,0
APWHLSSQYSRT,1
AAVALLPAVLLALLAVTDQLGEDFFAVDLEAFLQEFGLLPEKE,1
GLGNNAFLGVR,0
CAYGRKKRRQRRR,1
RKKRRRESWVHLPPPVHLPPPGGHHHHHH,1
MPQMAPISWLLLFIIFSITFILFCSINYYSYMPNSPKSNELKNINLNSMNWKW,0
RKKRRQRR,1
KLIKGRTPIKFGKADCDRPPKHSQNGK,1
ALSVPVFAVAPLNKK,0
MGIIAGIIKVIKSLIEQFTGK,0
WRRRRRRRR,1
MESVAYILVLTMTLAVLFFAIAFREPPRIQK,0
MKRTYQPSKLVRKRRHGFRARMATVGGRRIIAARRARGRKKLSA,0
TKRRITPDDVIDVRSVTTEINT,1
WLKLWKKWLKLW,1
MREKIRLVSSAKTGHFYTTTKNKREMPNKMEIKKFDPVVRKHVMYKEAKIK,0
GKKTNLFSALIKKKKTA,1
RRRRRRRR,1
AICTGADRPCAACCPCCPGTSCKAESNGVSYCRKDEP,0
DYVTVKGFSPLRKA,0
YCQKWMWTCDSKRKCCEDMVCQLWCKKRL,0
AAVACRICMRNFSTRQARRNHRRRHRR,1
YKALRISRKLAK,1
QPRRKLCILHRNPGRCYDKIPAFYYNQKKKQCERFDWSGCGGNSNRFKTIEECRRTCIG,0
MNIKRMLFKQGLYTLNVTPKGDTTKWSVNDWIKFIDENGNWEI,0
MAKATTIKIKLLSTADTGFFYVTTKNSRTMTDKMTKTKYDPVAKKHVEFKETKIK,0
RRARRPRRLRPAPGR,1
MSEIKVGENETIESALRRFKRKCARAGVLSEVRKREHYEKPSVKRKKKSEAARKRKFK,0
MIEPLLLGIVLGLIPVTLAGLFVAAYLQYKRGNQFNLD,0
KDCERRFSRSDQLKRHQRRHTGVKPFQK,1
MRLHHLLLALLFLVLSAGSGISGPLSCRRNGGVCIPIRCPGPMRQIGTCFGRPVKCCRSW,0
MLNLNFTNITVMGILPEAYAPFDPIVDILPIIPILFFLLAFVWQAAVKFR,0
VPMIK,1
RPRFCELPAETGLCKARIRSFHYNRAAQQCLEFIYGGCGGNANRFKTIDECHRTCVG,0
KRIPNKKPGKK,1
KSHAHAQKRIRRRLIILL,1
MATRGFSCLLLVISEIDLSVKRWV,0
MQLSHLLLAFAMIFVMTIIHTPQVQADAMADADADAAINCRRYPRHPKCRGVSA,0
HEHEHEHEHEHEHEHEHEHEHEHEEFGGGGGYGRRRRRRGGGGGG,1
RHHLRHLRRHL,1
VSRRRRRRGGRRRR,1
MAVPKRKKSRSTTRHRRAQWKTTPTQLVEIRVEGKVLRVPRNLVKAYHSGLIDVED,0
LKCNKLVPLFYKTCPAGKNLCYKMYMVATPKVPVKRGCIDVCPKSSLVLKYVCCNTDRCN,0
CYIQNCPRGGKRSYPDTAVPQCIPCGP,0
TKRRITPKDVIDVRSVTTKINT,1
CRVENKCPHTVCCDRSRCSCKLIRTRPLMYHVCVC,0
GWTLNPPGYLLGKINLKALAALAKKIL,1
LLIILRRRIARKQAHAHSK,1
HARIKPTFRRLKWKYKGKFW,1
MYFTSRFLSALGTSNTLAVRCMTVKMNAVDAELYRPRFIFCATSHFVRHTTLFTLS,0
MSAELKITLVRSHIGTTSKQRAVLNGLGLTKVNKTVVLKNTPEIVGMVQKVAHMVKVVE,0
CFISDCAPG,0
GRQLRRAGRRLRGRSR,1
ILNRCCNDDN,0
RQIKIWFQNRRMKWKA,1
GKRARNTEAARRSRARKL,1
MLYYVGADLDSTYKFACFIMKQVKFNDLVKNIKVQINASNIVSFSSKRLVSFA,0
RLSGMNEVLSFRWL,1
KHKLLHLLHLLALLWLHLLHLLKHK,1
MIIYRDLIA,1
RRRRRRRQIKILFQNRRMKWKKGGC,1
KRIPNKKPGKKT,1
CSSLDEPGRGGFSSESKV,1
MASSTDVRPKITLACEVCKHRNYITKKNRRNDPDRLEIKKFCPNCGTHQPHKESR,0
CHYIFNTC,0
MLTITSYFGFLLAALTITSALFIGLSKIRLI,0
YARAAARQARA,1
GGSVDSAAAEEVFESNCASCHGADLSGAGPDLTQV,0
IIEKLVNTALGLLSGL,0
SNRSPSLRLRF,0
KKWALLALALHHLAHLALHLALALKKAHHHHHH,1
GYGYGYGYGYGYGYGYKKRKKRKKRKKRKQQKQQKRRK,1
LIIFRILISHR,1
KMDRWRWKKK,1
VHLPPPVHLPPPVHLPPP,1
MSILKTILSLGSNNKNLNNNFIINKNINNQNNLFNHNNNNTQGWKPNYFVVGTAKQNAHL,0
RWRRWRRWRRWR,1
MQPSTATAAPKEKTSSEKKDNYIIKGVFWDPACVIA,0
MLTALGQVNNIQKEFTIKKTKQADHNLVARIDEIQYVQGTINL,0
GSRHPSLIIPRQ,1
KMTRAQRRAAARRNRWTARGC,1
MLNKILDKLVEAYSIIFRTRVQFPPSPFILFFFLSFKHNSYSQQALLSLENLLSLF,0
RQIKIWFQNRRMKW,1
MPPAQLQHRSIRHRQHKTFAIAEQQSPQLQQQQQSFLGGGGPCCMYIGCGCG,0
MDPNCSCSTGGSCTCTSSCACKNCKCTSCKKSCCSCCPVGCSKCAQGCVCKGAADKCTCCA,0
QKECTGPQHCTNFCRKNKCTHGKCMNRKCKCFNCK,0
GRRRRATAKYRTAH,1
MKAAELRKLTAEELKTKLVEQQQELFNLRFRHATAQLENTSSMGDARRTIARIQTILKEKE,0
KCNTATCATQRLANFLVHSNNNLGPVLSPTNVGSNTY,0
MLYYVLVFLVVALVAGALGFGGIAGASAGIAQILFFVFLALLVISLIASAIRKA,0
RQIKIWFQNRRMKWKK,1
MVYVMSMVSLLKRLLTVTRWKLQITG,0
YGRKKRRQRRTALDWSWLQTE,1
KRRQRRR,1
KLIKGRTPIKFGK,1
WLKLLKKWLKLWKKLLKLW,1
ESGGGGSPGRRRRRRRRRRR,1
RKKRRQRRRGGGKLLKLLLKLLLKLLK,1
MSQKIVKVQLVRSLIGTREDHRATVRGLGLRRLNSVSELQDTPAVRGMINKVSYLVKVIG,0
GACRWFLGGCKSTSDCCEHLSCKMGLDYCAWDGTF,0
MAKDIITGRHTTFGNKRSHALNSSRRQWKANLHKVRILVDGKPKRVWVSARALKSGKLTRV,0
LGLLLRHLRHHSNLLANI,1
YGRRARRRRRR,1
LILIGRRRRRRRRGC,1
RLRLRLRLRLRLRLRLKNNKNNKNNKNNKKKKKKKGYK,1
KRARNTEAARRSRARKLQRMKQGC,1
KLALQLALQALQAALQLA,1
MFTLTSYFGFLLAALTITSALFIGLNKIRLI,0
RHNFRFFFNFRTNR,1
IRCQGSNQCYGHCREKTGCPNGKCID,0
MPKNNTNENFQSGAGLIRYFNEEEIKGPALDPKLIIYIGIAMAVIVELAKIFWPV,0
RKKRRQRRA,1
ACRGRGRRCGSGRRSCG,1
GRRRRRERNK,1
GGESSNEAKGMWFGPRL,0
MVKRKANHVIPGMNDASAQGKGAGYNEELSNEPLTEAQKQNNKKRKKNQ,0
HQHKPPPLTNNW,1
GSTSECFWKYCV,0
DCRWRWKCCKK,1
MVEALLSGIVLGLIPVTLAGLFVTAYLQYRRGDQLNL,0
HEHEHEHEHEHEHEHEEFGGGGGYGRRRRRRGGGGGG,1
RICYNHQSTTPATTKSCGENSCYKKTWSDHRGTIIERGCGCPKVKRGVHLHCCQSDKCNN,0
ARICPRILMKCKKDSDCLAECICEEHGFCG,0
AAVALLPAVLLALLAPEILLPNNYNAYESYKYPGMFIALSK,1
ELPVM,1
MQVLSSLRSAKNRHPDCKIVRRRGRVYVICKSNPRFKAVQGGTHKKR,0
SDFRNAAVHERQKELVVTATTTCCGYNPMTSCPRCMCDSSCNKKKKPGRRND,0
RRRRWWWWRRRR,1
MLTITSYFGFLVAAFTITSALFIGLNKIRLI,0
MKIRNSLKSAKVRDKDCRVVRRRGRVYIINKKNPRMKARQG,0
KIAKLKAKIQKLKQKIAKLK,1
RRIRPRPPRLPRPRPRP,1
MKVRASVRKICENCRMIRRRGKVMVVCSNPKHKQRQG,0
MGLGLHLLVLAAALQGAKKKRKV,1
AAVALLPAVLLALLAPVQRKRQKLMP,1
GLKKLARLAHKLLKLGC,1
LAAVNVDCSGYPKPACTMESRPICGSDNTTYSNKCNFCNAVVESNGTLTLSYPGVC,0
EGDFTPRL,0
METATFITIFISCLLVSVTGYALYTAFGKPSKQLRDPFEEHED,0
GKRKKKGKGLGKKRDPCLRKYK,1
HSDGIFTDSYSRYRKQMAVKKYLAAVLGKRYKQRVKNK,1
MSKRTFQPNNRRRAKTHGFRLRMRTRAGRAILANRRGKGRSSLSA,0
FLSLIPHAINAVSALAKHF,0
CGGMVTVLFRRLRIRRASGPPRVRV,1
MLNIFSLMYICLNSALYSSSFLFAKLPEAYAFLNPIVDVMPVIPVLFFLLAFVWQAAVSFR,0
QWQRNMRKVR,1
RFTFHFRFEFTFHFE,1
AAGLFQFPRV,0
RLPRPRPRPLPFPRPG,1
MKKVIMLLLIFALFAYALSASDPNKCLKKGSKCVSVGKPCCKPATCNIYANRCIGW,0
DCCGVKLEMCHPCLCDNSCKNYGK,0
MAKAKGNREKIKLVSSAKTGHFYTTDKNKRNMPEKMEIKKFDPVIRQHVIYKEAKIK,0
MASEVRIKLLLECTECKRRNYATEKNKRNTPNKLELRKYCPWCRKHTVHREVKI,0
CNGRC,1
MSEVRVKENESLDSALKRFKRSCAKSGVLAEVRKREHYEKPSVKRKKKSEAARKRKFK,0
TRSSRAGLQWPVGRVHRLLRKGGC,1
MGKSNVIQIRLVSSAETGYFYVTKKNARSATGKMEVRKYDPVARKHVVFREAKIK,0
MIIRRDLISE,1
AAVALLPAVLLALLAPRKKRRQRRRPPQ,1
DRDDRDDRDDRDDRDDR,1
TKDEGTFIAEGGGVR,0
SKEVMKQMTINFAKPMEACKQELNVPDAVVQDFFN,0
KRIIQRILSRNS,1
TFPQTAIGVGAP,1
MYKIIIPAILAIFALWILLQISLEMSIVKNPMNYFIVFIIFFLFVKMVKEKQ,0
MKTQDDGVLPPYDVNQLLGWDLNLSLFLGLCLMLLLAGSCLPSPGITGLSHGSNREDR,0
GKYVSLTTPKNPTKRRITPKDV,1
CIISRDLISH,1
FFLIPKGRRRRRRRRGC,1
YKRAARRAARR,1
METNILALMATALFIIIPTAFLIILYAQTNK,0
ACSGRGRGCGSGSGSCG,1
LLKTTALLKTTALLKTTA,1
KKALLAHALHLLALLALHLAHALKKA,1
KSICKTIPSNKPKKK,1
MEQKILCEVNNCSYWGKGNKCTADAIYVVSHTGETAENSRETDCKTFKPHDL,0
VTCFCRRRGCASRERHIGYCRFGNTIYRLCCRR,0
ACSSSPSKHCGGGGRRRRRRRRR,1
YSSYSAPVSSSLSVRRSYSSSSGS,1
VKLPPPVKLPPPVKLPPP,1
TKRRITPKDVIDV,1
RRRRRRRRRRRRRRRRGC,1
WLGSALKIGAKLLPSVVGLFQKKKK,0
LKKLCKLLKKLCKLAG,1
VATVDCSDYPKPACTLEYMPLCGSDNKTYGNKCNFCNAVVDSNGTLTLSHFGKC,0
YGRKKRRQRRTALDASALQTE,1
MNKSQDKEKKYFLEYLSLAPVLAVISISVAFSTWAIFNYIFPDLLFHPLP,0
MIREPRIREPRSLA,0
MTTQQTVKVQLVRSPIGTKESHRATVRGLGLRKLNSISELQDTPAVRGMINKISYLVKVL,0
GRKKRRQPPQC,1
MRDIIKLTCGNCGRANYHTTKNKRTMTDKFVIKKFCPTERKHTEHKEGKISKG,0
RQIKIWFQNRRMKWKKC,1
MAARL,1
MISDEQLNSLAITFGIVMMTLIVIYHAVDSTMSPKN,0
EPDNWSLDFPRR,1
MSFETWMAALDGYMTETFGLGYQDIADWTYRDAYDDGLTFREAAHRAINHEFL,0
SMLKRNHSTSNR,1
QDKPFWPPPIYPM,0
VSALK,1
GGAYVTRSSAVRLRSSVPGVRLLQ,1
MWTKPAYTDLRIGFEVTMYFASR,0
KLWMRWYSATTRRYG,1
CARSKNKDC,1
MSTSRKLKSQGTRRGKNRTPHKGVKRGCSKRKYRKSSLKSRKRCDDANRNFRSHL,0
YQKQAKIMCS,1
KSIQGLSASPGDLSALHGKEAEMHVLQMIQDGQIHALINQKDGMVRFLEDPEQYK,0
MKVRPSVKPICEKCKVIKRKGKVMVICENPKHKQKQG,0
RQIKIWFQNRRMKAKK,1
AAVALLPAVLLALLAK,1
KMDCRPRPKCCKK,1
MVQNDFVDSYDVTMLLQDDDGKQYYEYHKGLSLSDFEVLYGNTADEIIKLRLDKVL,0
FLSAIASMLGKFL,0
PQNRLQIRRHSK,1
SAPQSIWYGPDRPKNRELEVIHSRFGEAVWFK,0
RQIKIWFQNRRMKWKKDIMGEWGNEIFGAIAGFLG,1
TKAARITPKDVIDVRSVTTEINT,1
LLIIARRRIRKQAHAHSK,1
KTIPSNKPKKK,1
GFFALIPKIISSPLFKTLLSAVGSALSSSGEQE,0
MAKTSLKVKQQRTQKYQTREYSRCKICGRPHAYLRKFGICRICFRELAYKGQIPGVKKASW,0
GMASTAGSVLGKLAKVAIGAL,0
MPQLNPAPWFAILVFSWLVFLTVIPPKVLGHTFTNEPTSQSTEKAKPEPWNWPWH,0
MKRTYQPSVTRRKRTHGFRIRMKTKSGRAVLNARRAKGRKRLAV,0
ACYCRIPACFAGERRYGTCFYLGRVWAFCC,0
MGRADTPRHPPPPAAGFGVHRGAFLIPVALRVLLAGRTPRPFTPGLADPRRLGPRRVQAAQ,0
KRIHPRLTRSIR,1
SHAFTWPTYLQL,1
HYRIKPTARRLKWKYKGKFW,1
MSSTANAIADAFLGVLNALAPIIEGATEIITFMALTYVMTMVIARILGGLFV,0
MEKVILEHLQRIEKQLEILNSKIENFLGFEELSEEELKELDEIEAKMEKGEKFVLNDV,0
MSKRTYQPNNRRRHKVHGFRLRMRTRAGRAILSSRRRKGRKSLAV,0
ACGRGRGRCRGRGRGCG,1
KFFKFFKFFK,1
GRKKRRQRRRPQ,1
RQIKIFFQNRRMKWKK,1
MLFKSIISLSNSSKSLNNKINNDNENNNLEFSSNKTTINPYSVFSYSRPLWNC,0
KHHWHHVRLPPPVRLPPPGNHHHHHH,1
GLKKLAELAHKLLKLGC,1
MSRTSLEVKAQRKPKFSARAYNRCPICGRPRAYLRKFGLCRICFRNMALRGELPGVRKSSW,0
PRPRPLPFPRPG,1
AYGRKKRRQRRR,1
MKVRASVKRICRNCKIVKREGVVRVLCTDPKHKQRQG,0
MAGNEKSRAKMEQAKGKAKEAAGRAVGNERMTAEGRAAQSKGDARQAKEKGKDVFRH,0
MEALVYTFLLVGTLGIIFFAIFFREPPKLPEASKSKK,0
RLYMRYYSPTTRRYG,1
MSKTVVRKNESLEDALRRFKRTVSKSGTIQEVRKREFYEKPSVKRKKKSEAARKRKW,0
FDPFFWKYSPRD,1
GEDEYAEGIREYQLIHGKI,0
VTVYENEGTKVDFDGNLRLLL,0
VAPFPHGKLVTYKYIADVKAGVDPSLV,0
SKKKKTKV,1
GRQLRIAGKRLRGRSK,1
HEHEHEHEHEHEHEHEHEHEHEHEEFGGGGGYGRKKRRQRRR,1
FIIFRIAASHKK,1
LCSREGEFCYKLRKCCAGFYCKAFVLHCYRN,0
MMGREHDKQAQFTPDHLGTKPVAYKRNKGKKMHNKSNEQPDVIQTKGE,0
GLPVCGETCVGGTCNTPGCTCSWPKCTRN,1
RGGRLSYSRRRFSTSTGR,1
FFKKLALHALHLLALLWLHLAHLALKK,1
MDTKLLDILACPITKGPLKLSADKTELISKGAGLAYPIRDGIPVMLESEARTLTDDERLDK,0
GFGSLFKFLAKKVAKTVAKQAAKQGAKYVANKHME,0
FLGSLFSIGSKLLPGVIKLFQRKKQ,0
MKVRPSVKKMCDKCRVIKRKGKIMVICPNAKHKQRQG,0
GGVCPKILRRCRRDSDCPGACICRGNGYCGSGSD,1
LLIILRRRIRKQAHAHSK,1
VSLKK,1
MSGRGKGGKGLGKGGAKRHRKVLRD,0
NSLAISVMNQWPGVKLRVTEGWDEDGHHFEESLHYEGRAVDITTSDRDKSKYG,0
HRHIRRQSLIML,1
MSRTSLEVKAKRKPKFSARAYNRCPLCGRPRAFLRQFGICRICFRNMALRGELPGVRKSSW,0
MAARLCCQLDPARDVLCLRP,1
PDKDFIVNPSDLVLDNKAALRDYLRQINEYFAIIGRPRF,0
PDVDHVFLRF,0
MQVNPNPNKLPVELNRTSLYLGLLLTFVMGILFSSYFFN,0
GNCLELGEYCDGSKDDCQCCRDNAYCGCDIF,0
GRKKRRQRRR,1
MAVPKRRMSRANTHARRSQWKADNVALQEVKINGQTVRIPRRLVKAAQLGLVEVEQF,0
RWRWKCCKK,1
NAIPGNYYRWPYAKVPYVID,0
NKPILVFY,1
MLTITSYFGFLLAALTITPALFIGLNKIRLI,0
QTRRRERRAEKQAQW,1
LLIILRRRARKQAHAHSK,1
LGTGLGVDQN,0
RLFMRFYSPTTRRYG,1
RRLRHLRHHYRRRWHRFR,1
ADYLQLTRA,0
GPMGWVPVFYRF,0
GKRKKKGKLGKKRPRSR,1
GRRRRKRLSHRT,1
MKIFFAVLVILVLFSMLIWTAYGTPYPVNCKTDRDCVMCGLGISCKNGYCQGCTR,0
MIIYRD,1
MIIYRDL,1
RLWMRWYSPTTRRYA,1
GLGDKFGESIVNANTVLDDLNSRMPQSRHDIQQL,1
MIKKAMLLIMLYMVLVVNDLILYNILSKAIIKKSKNVWKLKHKPLKNINLETLKNY,0
WEAKLAKALAKALAKHLAKALAKALKACEA,1
CYRPPVC,0
KALKKLLAKWLAAAKALL,1
GGSVPCGESCVFIPCITSLAGCSCKNKVCYYD,0
FCKSLPLPLSVK,0
MNGETPAQKAARLAAAAALAAKTAADAAAKAAAKAAAIAAAAASA,0
MEALVYTFLLVSTLGIIFFAIFFREPPKVPDRGGK,0
DLAGEIHGLSNVK,0
AYRIKPTFRRLKWKYKGKFW,1
MKVRASVKKLCRNCKIIRREGIVRVICSAEPRHKQRQG,0
FFLIPKGRRRRRRRRR,1
MRCLPVFVILLLLIASVPSVDAELKAKDDMPQASFHDNAERDQQKKTSDCCFYHNCCC,0
SRRHHCRSKAKRARHH,1
FVTRGCPRRLVARLIRVMVPRR,1
RKKRRRESRKKRRRES,1
MAFTASDICKIIVAVILPPLGVFFERGCGADLFINILLTILGYLPGIVHALYIILKY,0
QLTFSSGWGN,0
THSGGACNSHDQCCNAFCSTATRTCV,0
MTERHTAKDIRKNAPKGENPGQPEPLSGSKKVKKRNHVSQTNGEG,0
RQRHRDCDKPPDKTN,0
VPMLK,1
MIIFRIAASHKK,1
CRGDKGPDC,1
AGIGKIGDFIKKAIAKYKN,0
MKRTYQPSVTRRKRTHGFRVRMKTRAGRAILNARRAKGRKRLAV,0
KLLKLLLKLWKKLLKLLKGGGRRRRRRR,1
TSPLNIHNGQKL,1
HHHHHHHHHHHHRRRRRRRRRRRRRRR,1
FTYKNFFWLPEL,1
MKKLKITLVKSPIGYKYDQKDTVKRLGLRKLNSTVIKDDVPQIRGMIRKVRHLVKVEEIEE,0
MPKRTFQPNNRRRARKHGFRARMRTRAGRAIIGARRSKGRASLSA,0
KLALKAALKAWKAAAKLA,1
KLLAKAALKWLLKALKAA,1
MRWEKPSYNDMRFGFEVTMYIYNR,0
MAKKALVNKAAKKPKFAVRAYTRCNRCGRPHAVFRKFGLCRICLREMAHAGELPGIHKSSW,0
MSRKKKKVLVKLVSSAGTGVFWVKQRNPKTQTEKLSFRKYDPKVRKHVQFTEAKIK,0
MPQLNPNPWFFIMLLSWLTFSLIIQPKLLSFTPTNPPSNKTTTHTKTTPWTWPWT,0
MLHYAVVFFIIALIAAVFGFGGIAASAAGIAKILFFVFVVLAVASFLFGLIRKG,0
RRRRRRRRRRRRRRRR,1
ACRRSRRGCGRRSRRCG,1
IPMLK,1
MAGEIFTTAFLCFSLILVGIGLGYLLLKVAPD,0
GALFLGFLGAAGSTMGAWSQPKSKRKV,1
WRFKAAVALLPAVLLALLAP,1
MAQTIKITQTRSSIGRLPKHKATLVGLGLRRIGHTVEREDTPAVRGMVNLVSYMVKVEE,0
KMDCRWRWKCKK,1
ELALELALEALEAALELA,1
KKKKKKKK,1
YGRKKRRQRRRGTALDWSWLQTE,1
MAVYRCGKCWKTFTDEQLKVLPGVRCPYCGYKIIFMVRKPTIKIVKAI,0
MLNWQVIVQLVFLALIITTGPVIIVYLSTRERNLL,0
MKKKDKGRLTGGVTPQGDLEGNTHNDPKTELEERAKKSNTKR,0
MPIVNVKLLEGRSDEQLKNLVSEVTDAVEKTTGANRQAIHVVIEEMKPNHYGVAGVRKSDQ,0
RAIKIWFQNRRMKWKK,1
ECGTLFSGCSTHADCCEGFICKLWCRYERTW,0
MQTKQYFILRSLVKKYGKDNVINTVNKIAKDIEIKK,0
MAHENVWFSHPRNYGKGSRQCRVCASHSGLIRKYGLNICRQCFREKANDIGFHKYR,0
ADGSDPAGGEFLAEGGGVR,0
MGRLGLTEILVIVGIVILLFGGKKIPELMKGLGSGIKEFKNAAKDDQPAPAKKQEEEQK,0
VTIGPVCELPKEVGGPCRGHIIPRY,0
AEKLEPVLPLIV,0
LALALALALALALALAKLAKLAKLAKLAKLAKKIK,1
YTFGLKTSFNVQYTFGLKTSFNVQ,1
MLADVFEKIMGD,0
RNEEERLINHLFKERGYNKELRPAQT,0
KSTGKANKITITNDKGRLSK,1
MSCPKCGSGNIAKEKTMRGWSDDYVCCDCGYNDSKDAFGERGKNEFVRINKERKGNEKS,0
DEGCLPDDSSRT,0
FATVDCSDYPKPVCPLDYMPLCGSDSKTYSNKCNFCNAVVESSGTLTLRHFGKC,0
GYGRKKRRGRRRTHRLPRRRRRR,1
SSLHCGDDPWCPTGCCENEDCDIGCKRDWEKSRSQP,0
MTILKSISSMGISNRKNSFSFVSTNSMIETNQNVNSVSKSGYSKLIKGAALMAEGISGFF,0
MAIYRDLIS,1
LAELLAELLAELGGGGRRRRRRRRR,1
CRWRWKSSKK,1
HEHEHEHEHEHEHEHEHEHEGGGGGKLALKLALKALKAALKLA,1
MIVLGWMFFVGLVCYMGTFPELMPPTLKWQERWPVQESKTQLRRRALGEDLLQNHVEGI,0
HHHRRRRRRRR,1
DCPTRCPTTCANGWECCKGYPCVNKACSGCTHGK,0
MIAYRDLIS,1
VIPFVASVAAEMQHVYCAASRKC,0
AANQHLCGSHLVEALYLVCGERGFFYSPKTGIVEQCCENPCSLYQLENYCN,0
QRIRKSKISRTL,1
VRPYLVAF,0
HHHHHHHHHHHHHHHHHHHHRRRRRRRRRRRRRRR,1
RQIKAWFQNRRMKWKK,1
MIIYRDLIS,1
AYGEAANVFGAPK,0
KRMLSNRESARRSRMRKQK,0
MQWTKPAFTDLRIGFEVTMYFEAR,0
MSEVRVGENESLDSALRRFKKKCAEAGVLAELRKREHYESPSVRRKKKSEAARRRKRR,0
GVPCSCRGKSGTYWSAGKCPGEHYTTYCNNLIG,0
MLGWTLVFLVVAVIAGLLGFTGIAGAAAGIAKIIFFVFIVLLVISLLVNAFRGKSPRL,0
ASMWERVKSIIKSSLAAASNI,1
MKVQASVKPRCEYCRVIKRKGVLRVICSRQPKHKQRQG,0
VATVQGLSGTGSLRNLGLYAERQIGMFSFTGLNK,0
CWKKKKKKKKKKKKK,1
GLWRALWRALWRSLWKSKRKV,1
MIIYRQYQHEGAPVYEIITKTFQHVSIKCDDSFSDTEIFKLLSLLQDDIDHMKVS,0
MVKSKIGSWILVLFVAMWSDVGLCKKRPKP,1
IIAGTARSMGITVEG,0
SRRHHCRSKAARSRHH,1
HIQLSPFSQSWR,1
MASKNREIIKLKSSESSDMYWTVKNKRKTTGRLELKKYDRKLRRHVIFKEAK,0
MATPGFSCLLLSTSEIDLPMKRRV,0
MENEHQYSGARCSGQAAYVAKRQECAK,0
LLGKINLKALAALAKKIL,1
RVIRWFQNKRCKDKK,1
MAKKSMIAKAQRKPKFQVRAYTRCRICGRPHSVYRDFGLCRVCLRKMGSEGLIPGLRKASW,0
MICYKQQSLQFPITTVCPGEKNCYKKQWSGHRGTIIERGCGCPSVKKGIEINCCTTDKCNR,0
MKTTGSSVGGTKRKMWSRGVGGVVREQKAKLYIIRRCVVMLLCWHD,0
GLWRALWRGLRSLWKKKRKV,1
MIIFAIAASHKK,1
MANLGYWLLALFVTMWTDVGLCKKRPKP,1
EEEAAGRKRKKRT,1
KETWWETWWTEWSQPGRKKRRQRRRPPQ,1
MPQMMPMKWFLIYFIYLLIFYLFIMLINSMLIKTKINKETLKIKLKKWNWFW,0
MFQISNLLIAADFSAEVANNSAVGMIGSFIAAALLIVVPATAFLIFVSQKDSLDRTSTGRR,0
MIWIKIILLMIVCLVVSVLVVVWIILLSEVFVLLWKLSQILNIIDLLL,0
DFNKFHTFPQTAIGVGAP,1
LLKTTELLKTTELLKTTE,1
MRQPIEKSLRQRALEYLSKREYSAVELAQKL,0
SRRHHCRSKAKASRHH,1
RCSPCFTTDQQMTKKCYDCCGGKGKGKCYGPQCICAPY,0
KSAAEVQNTQQAIIPAQEKANLGNQNIMA,0
YRQSHRRGGRRGSG,1
LSDYDEEEDERAKATLDAR,0
GKVWDWIKKTAKDVLNSDVAKQLKNKALNAAKNFVAEKIGATPSEAGQMPFDEFMDILHYY,0
RTLVNEYKNTLKFSK,1
RLWMRWYAPTTRRYG,1
GALFLGFLGAAGSTMGAWSQPKKKRKV,1
ELCEKASKTWSGNCGNTGHCDNQCKSWEGAAHGACHVRNGKHMCFCYFNC,0
MKKNFWFWGFTDSAETWNGRFAMIGFMAVIFIELVTGKGLLYLSGLMN,0
ILGLLKGISALLS,0
MSEKMLQVTQVRSVIGGTKKQKATIKALGLGRPNHKVQIKDNPCSRGQIRVVQHLVKVEEL,0
METATLVAIPISCLLVSFTGYALYTAFGQPSRELRDPFEEHED,0
MAARNEIRPIVKLKSTAGTGYTYVTRKNRRNDPDRLVMKKYDPVGRKHVDFREEK,0
GWTLNSAGYLLGKINLKALAALAKKIL,1
MKRTFQPSKIRRKRTHGFRARMATKNGRKVLAARRRKGRKALIP,0
GQQPLCNDCFACARSLCICGDLVPQCHEGCQQCEKVDTLSGKPLYQCRSFEDYQCAN,0
GLPRRRRRRRRR,1
RPGFCELPAAKGLCKAHKPAFYYNKDSHRCQKFIYGGCGGNANRFRTIDECNRTCVG,0
KPCCSIHDSSCCGI,0
MKVRASVKKICDKCKVIRRHGVVRVICENAKHKQRQG,0
MRDKIRLVSSAGTGYFYTTDKNKRTMPEKMEIKKFDPVVRKHVIFKEAKIK,0
NYRWRCKNQN,1
TSHTDAPPARSP,1
KDCRWRWKCCKK,1
YPRAARRAARR,1
LIRLWSHLIHIWFQNRRLKWKKKGGC,1
RLWMRAYSPTTRRYG,1
MAVPKKKTSKAKKNMRRSHHALTAIGLVTCEKCGAPKRAHRVCLECGDYKGTQVLETAE,0
MPNILSLTCICFNSVLYPTSFFFAKLPEAYAIFNPIVDIMPVIPLFFFLLAFVWQAAVSFR,0
CRWRFKCCKK,1
MTAESMLFNGAILSIVLVLVGLAWGFLLLKIQGGEAE,0
RGCCNGRGGCSSRWCRDHARCC,0
QQHLLIAINGYPRYN,1
RIKIGLFDQLSRL,0
MFYFRDFNMVVKQEEGSTLFFNMYKYILKKLKRFSLYIFNIIKYVIIFVVYLINKSF,0
MEVNILAFIATALFIIIPTAFLLILYVKTASQSDS,0
GWTLNPAGYLLGKINLKALAALAKKIL,1
RCCTGKKGSCSGRACKNLKCCA,0
AIPNNQLGFPFK,1
GLLGLGYGGY,0
GLSQSGCQAFTGRWCVGCERLRSRVVWECSPKRVVNSI,0
MALENPKMHNSEISQRLGAEWKLLSEAEKRPYIDEAKRLRAQHMKEYPEYKYRP,0
LLIILRRRIRKQAHAHSKNHQQQNPHQPPM,1
AIIYRDLIS,1
WKEMSVW,0
SVAVAGAVIKGAALTFNILQ,0
RKKRRQRRRGGG,1
MVRRFLVTLRIRRACGPPRVRVFVVHIPRLTGEWAAP,1
RHAGSAHTF,0
MINKTTIKTVLITLGVLAAVNKVSALRSVKRLIS,0
LLIILRRRIRKQAHAASK,1
KRIPNKKPKK,1
RRRRRRRRRRRR,1
CGGGARKKAAKAARKKAAKAARKKAAKAARKKAAKA,1
KWFETWFTEWPKKRKGGC,1
MKHIQIRNSDMDWHIAANNLG,0
PIRRRKKLRRLK,1
EIRLPEPFRFPSPTVPKPIDIDPILPHPWSPRQTYPIIARRS,0
RQARRNRRRALWKTLLKKVLKA,1
MASSTDVRPKITMACEVCKHRNYITKKNRRNDPDRMELKKFCRNCGKHQSHRETR,0
VATSEQFNKTFIELVIVVD,0
CKDEPQRRSARLSAKPAPPKPEPKPKKAPAKK,1
MLKFILALALFLHLTMEASAACKGKKCPPTGFVGMRG,0
RQIKIWFQNARMKWKK,1
KMDCRWRPKCCKK,1
GRKLKKKKNEKEDKRPRT,1
MAMPGEPRRANVMAHKLEPASLQLRNSCA,1
FWGAAAKMLGKALPGLISMFQKN,0
MSAGSGRIPLWVVATIAGLGVITVVGIFFYGAYAGIGSSI,0
MTTKFVFDLLAPDDILHPFNHVKLIIRPIEVEHIIIATTMPAV,0
VDACYEACMHHHMNSDDCIEACKNPVPP,0
LPHPVLHMGPLR,1
GLWRALWRGLRSLWKLKRKV,1
KMDSRWRWKSCKK,1
RGDGPRRRPRKRRGR,1
ANRPVYIPPPRPPHPRL,0
PFVYLI,1
MLGNMNVFMAVLGIILFSGFLAAYFSHKWDD,0
NLFQFARMINGKLGAFSV,0
MKIKNSLKSLKTRHRENRLVRRKGRVYIINKSNPRFKARQG,0
MKVRASVKKMCRNCKIVRRHGHVRVICSVDPKHKQRQG,0
GCIATGSFCTLSKGCCTKNCGWNFHCNPPNQ,0
SWAQHLSLPPVL,1
RQIKIQFQNRRKWKK,1
LHTKGSVPLDTITFYKVIPKHKFVLVKFDTQY,0
GEP,0
YGRKKKRRQRRR,1
MANLGCWMLVLFVATWSDLGLCKKRPKP,1
RQIKIWFQNMRRKWKK,1
MAQFLGLGDIGGNLVYELIMILYKIFKFISLKILDGLGNFMEIALEYLVKFVYQITRFIHR,0
NYRWRCKNQ,1
MDIITLGWVGVLSVFTLSIAFVVWGRHGM,0
EEEAA,1
KFKVVTTFTVIQDIAQNVAGDAAT,0
LAAVSVDCSEYPKPACTLEYRPLCGSDNKTYGNKCNFCNAVVESNGTLTLSHFGKC,0
ACRGRGRGCRGRGRGCG,1
PPKKSAQCLRYKKPE,1
TAKTRYKARRAELIAERRGC,1
MNGRPSVFTSQDYLSDHLWRALNA,0
YARAARRAARR,1
TNTPEDDRYLQDYVYI,0
FYDTTCPK,0
ALWKNMLKGIGKLAGQAALGAVKTLVGAES,0
RVREWWYTITLKQES,1
RRKLSQQKEKK,1
MLKYIYMHLSHKYNHILFTYNMRIYLIKRNHMLFTHMFTTYAYIM,0
DCPSDWSNHEGHCYRVFNEWMNWAD,0
MLISGTAFLRLRTNRKAFPTP,0
KKALLALALHHLAHLALHLALALKKA,1
MPGLDSPAAVRRAAMDLLAR,0
MPTRSTNPNKQPVELNRTSLFLGLLLVFVLGILFSSYFFN,0
MHKRPTTPSRKM,1
RHIKIWFQNRRMKWKK,1
MEALVYVFLLIGTLVVIFFAIFFRDPPRIAKK,0
MTRRYWNIDLE,0
MIIFRILISHKK,1
MKVQPSVKRICDKCQVVRRKGRVLVICSNPRHKQRQG,0
MRCLPVFIILLVLSASAPSVDARPKNEDDVSLASFHDNAQRTLQRLLNKRSCCPNNPACCH,0
RICYSHKASLPRATKTCVENTCYKMFIRTHRQYISERGCGCPTAMWPYQTECCKGDRCNK,0
PQISRQEYGGLFGPT,0
YRWRCKNQ,1
AGYLLGKLKALAALAKKIL,1
MLGWVVTFLVVALIAGILGFGGIAGASIEIAKIIFFIAVVLFLVSAVIGLARGRTRV,0
LALALALALALALALAKKLKKLKKLKKLKKLKKLKYAK,1
YGRKKRRQRRRGC,1
GRGDSPRRSPRR,1
GEQIAQLIAGYIDIILKKKKSK,1
ADVPGNYPLDKDGNTYTCLKLGENKDCQKVCKLHGVQYGYCYAFECWCKEYLDDKDSV,0
MFSQIGAFLDSALLLLVAFFAVYRLVLVLCRWQRRQLDIPIHI,0
GLIDVRCYASRECWEPCRKVTGSGQAKCQNNQCRCY,0
YGRKKRPQRRR,1
MDRILLEILACPICKGKLVYSQDEQELICRFDKLAYPIHDGIPVMLPDSTRPLIER,0
MLDIISLGWGSLLAIFSFSIALVVWGRNGF,0
MKKITGIILLLLAAIILAACQANYIRDVQGGTVSPSSSAELTGLATQ,0
MEALVYTFLLVATLGIIFFAIFFRDPPKVPNK,0
RRGC,1
CRRLRHLRHHYRRRWHRFRC,1
MIDDSQIFVALLFALVSAVLAIRLGKELYQ,0
GLWRALWRALRSLWKLKRKV,1
YCQKWLWTCDSERKCCEDMVCRLWCKKRL,0
KETWWETWWTEWSQPKKKRKVC,1
VRLPPPVRLPPP,1
MFDHRILEILVCPLTKDKLQYNKDTNELISEKAKLAFPIRDGIPIMLIDEARKLEE,0
MTKRTFGGTSRKRKRVSGFRVRMRSHTGRRVVRTRRKRGRSRLTV,0
RWRRWWRRW,1
WRWKKKKA,1
MLTKYALVAVIVLCLTVPGFTLLVGDSLCEFTVKERNIEFRAVLAYEPKK,0
CTWLKY,1
MASEIFGTAAIFWVLIPIGLVGGALLLKLEGD,0
KECMVDGTVCYIHNHNDCCGSCLCLNGPIARPWEMMVGNCKCGPKA,0
KKICTRKPRFMSAWAQ,1
MKRTFQPNNRKRSKVHGFRSRMSSKNGRLVLARRRRKGRKVLSA,0
MAKAKTPAVANTGAKPPYTFRTAWALLLLGVNFLVAAYYFHIIQ,0
RPFRKHGAVPLSTYMRIYKKGDIVDIKGMGTIQ,0
HHHHHHHHRRRRRRRRRRRRRRR,1
DITYRFRGPDWL,1
MTAQGNKPSSHDVITGRWTPSAADRAAGRVSGFGVITNIINGGLDC,0
MTEQAAKPKGWFKRALEKYDNFIKEWGLDQPNCSCVPMSATEDENGNLKKKESSLKK,0
MRCLPVFVILLLLIASVPSDAVQLKTKDDMPLPSFNGNARRTPRMLSNKRICCYPNVWCCD,0
WLRRIKAWLRRIKALNRQLGVAA,1
MAGSFHRVACGDCENEQVVFGKASSVVSCAVCGTTLATPTGGEAEFHGEIVETVEAR,0
QWQRNMRKVRGPPVSCIKR,1
MIIFRIAATHKK,1
MSKKKSFNREYITSYYYIPFHRLEQGFYTSMEYRKVGVFKQQGKIDGHYVGVMAMEKILAM,0
GSIPCAESCVYIPCITGIAGCSCKNKVCYYN,0
QSPTDFTFPNPL,1
YVMGHFRWDKF,0
MAKGKRTFQPNNRRRARVHGFRLRMRTRAGRAIVTGRRRKGRRALTA,0
MVKCFDFFLSLNFGKMTKLLVWRTDKPQDDMPQTPNSQVTIVSRDHPRGGNY,0
MPLTDPVKLQIVQQRIFLKKVCRDCGALNSVRATKCRRCHSKNLRPKKKELPAKKG,0
MARWCPPANRSASAAATCSSVVANTACMRWCKKRSQCPARRTP,0
RRRRRRRRHHH,1
MLTKYALVAIIVLCCTVLGFTLMVGDSLCELSIRERGMEFKAVLAYESKK,0
HATKSQNINF,1
MITIIARLPEIYSIFYPLINVLPAIPVFFFLLAFVWQASVGFR,0
MSKFEVYLDEGGKYRFRLRARNGQIIAVSQGYKSEEGCIKGIQSVKENAPNARIIVLE,0
GCIAKNKECAWFSGEWCCGALSCKYSIKRNLKICV,0
MEALVYTFLLVSTLGILFFSIFFREPPKVPTQK,0
VIGGQECARDSHPWQAAVYHFSDIECGGVLV,0
MLTRLSKLSALMFLLGVSACKSPPPVQSQRPEPAAWAMEKAQDLQQMLNSIITVSEVESTG,0
FVNQHLCGSHLVEALYLVCGERGFFYTPKAGIVEQCCAGVCSLYQLENYCN,0